GC_Run ,Date,Plot,DATE_ID,Time_mins ,Chamber_Temp_C,Surface_Area_m2,Height_m,Volume_m3,Sample_CH4_Peak,Sample_CH4_ppm,Sample_CO2_Peak,Sample_CO2_ppm,Sample_N2O_Peak,Sample_N2O_ppm,Sample_Gas1_Peak,Sample_Gas1_ppm,Sample_Gas2_Peak,Sample_Gas2_ppm,Sample_Gas3_Peak,Sample_Gas3_ppm
,28-Aug-24,101,45532101,0,28.8,0.068349275,,0.074883466,,2.433878688,,456.4916845,,0.339890248,,,,,,
,28-Aug-24,101,45532101,15,27.9,0.068349275,,0.074883466,,4.026858184,,590.7036131,,0.364831671,,,,,,
,28-Aug-24,101,45532101,30,28.1,0.068349275,,0.074883466,,7.825501598,,728.5896488,,0.38473557,,,,,,
,28-Aug-24,101,45532101,45,30.3,0.068349275,,0.074883466,,9.541017979,,855.2095672,,0.390189731,,,,,,
,28-Aug-24,101,45532101,60,30.8,0.068349275,,0.074883466,,11.63538693,,949.5562889,,0.361100873,,,,,,
,28-Aug-24,102,45532102,0,27.3,0.068349275,,0.074456283,,2.433878688,,456.4916845,,0.339890248,,,,,,
,28-Aug-24,102,45532102,15,27.7,0.068349275,,0.074456283,,4.405710753,,603.9109408,,0.350078923,,,,,,
,28-Aug-24,102,45532102,30,28,0.068349275,,0.074456283,,6.504576469,,765.1332797,,0.384470437,,,,,,
,28-Aug-24,102,45532102,45,30.2,0.068349275,,0.074456283,,7.718703396,,868.0609301,,0.367729194,,,,,,
,28-Aug-24,102,45532102,60,30.7,0.068349275,,0.074456283,,9.204322595,,995.0431086,,0.404374336,,,,,,
,28-Aug-24,103,45532103,0,27.9,0.068349275,,0.07454172,,2.433878688,,456.4916845,,0.339890248,,,,,,
,28-Aug-24,103,45532103,15,29.2,0.068349275,,0.07454172,,3.799209385,,663.6741276,,0.352881756,,,,,,
,28-Aug-24,103,45532103,30,29.3,0.068349275,,0.07454172,,5.364084092,,865.4695972,,0.356006536,,,,,,
,28-Aug-24,103,45532103,45,33.9,0.068349275,,0.07454172,,6.669270538,,1060.438782,,0.401230618,,,,,,
,28-Aug-24,103,45532103,60,32.8,0.068349275,,0.07454172,,10.48646311,,1413.922225,,0.369869194,,,,,,
,28-Aug-24,104,45532104,0,28.8,0.068349275,,0.074798029,,2.41757791,,460.1429,,0.337125292,,,,,,
,28-Aug-24,104,45532104,15,30.1,0.068349275,,0.074798029,,13.8601621,,595.0690475,,0.36532406,,,,,,
,28-Aug-24,104,45532104,30,31.2,0.068349275,,0.074798029,,15.29182011,,697.4627505,,0.373448487,,,,,,
,28-Aug-24,104,45532104,45,32.4,0.068349275,,0.074798029,,19.71495195,,843.0186279,,0.384299994,,,,,,
,28-Aug-24,104,45532104,60,36,0.068349275,,0.074798029,,24.01048805,,947.8554405,,0.357483704,,,,,,
,28-Aug-24,105,45532105,0,28.3,0.068349275,,0.073174734,,2.41757791,,460.1429,,0.337125292,,,,,,
,28-Aug-24,105,45532105,15,28.8,0.068349275,,0.073174734,,3.205636221,,612.9004852,,0.349813791,,,,,,
,28-Aug-24,105,45532105,30,30.6,0.068349275,,0.073174734,,4.158950697,,803.1419752,,0.378580701,,,,,,
,28-Aug-24,105,45532105,45,30.9,0.068349275,,0.073174734,,5.351155888,,1038.937815,,0.393257696,,,,,,
,28-Aug-24,105,45532105,60,32.8,0.068349275,,0.073174734,,5.894702526,,1137.216175,,0.382122118,,,,,,
,28-Aug-24,106,45532106,0,30.2,0.068349275,,0.074199973,,2.41757791,,460.1429,,0.337125292,,,,,,
,28-Aug-24,106,45532106,15,27.5,0.068349275,,0.074199973,,3.344473883,,616.2529649,,0.355135385,,,,,,
,28-Aug-24,106,45532106,30,29.4,0.068349275,,0.074199973,,4.368050335,,776.2986738,,0.412290444,,,,,,
,28-Aug-24,106,45532106,45,31.5,0.068349275,,0.074199973,,5.169036849,,921.9117803,,0.361536449,,,,,,
,28-Aug-24,106,45532106,60,32.6,0.068349275,,0.074199973,,5.499549179,,1008.588088,,0.412517701,,,,,,
,28-Aug-24,201,45532201,0,27.6,0.068349275,,0.052939931,,2.419264197,,461.3086564,,0.347048834,,,,,,
,28-Aug-24,201,45532201,15,29.9,0.068349275,,0.052939931,,2.367551384,,626.5444709,,0.397840706,,,,,,
,28-Aug-24,201,45532201,30,30,0.068349275,,0.052939931,,2.396780365,,792.0303764,,0.443784435,,,,,,
,28-Aug-24,201,45532201,45,32.7,0.068349275,,0.052939931,,2.382165874,,949.0143294,,0.467021432,,,,,,
,28-Aug-24,201,45532201,60,32.3,0.068349275,,0.052939931,,2.444558508,,1057.287748,,0.463783024,,,,,,
,28-Aug-24,202,45532202,0,28.2,0.068349275,,0.053452551,,2.419264197,,461.3086564,,0.347048834,,,,,,
,28-Aug-24,202,45532202,15,28.7,0.068349275,,0.053452551,,2.417015814,,695.5993716,,0.391004067,,,,,,
,28-Aug-24,202,45532202,30,28.8,0.068349275,,0.053452551,,2.386100545,,907.4849008,,0.402423716,,,,,,
,28-Aug-24,202,45532202,45,30.7,0.068349275,,0.053452551,,2.460859286,,1101.912698,,0.395511325,,,,,,
,28-Aug-24,202,45532202,60,30.6,0.068349275,,0.053452551,,2.396780365,,1344.62639,,0.437345495,,,,,,
,28-Aug-24,203,45532203,0,27.8,0.068349275,,0.052854494,,2.419264197,,461.3086564,,0.347048834,,,,,,
,28-Aug-24,203,45532203,15,28.6,0.068349275,,0.052854494,,2.415329526,,698.7824532,,0.362956803,,,,,,
,28-Aug-24,203,45532203,30,29.1,0.068349275,,0.052854494,,2.42151258,,861.7960624,,0.357597332,,,,,,
,28-Aug-24,203,45532203,45,30.4,0.068349275,,0.052854494,,2.424323059,,1113.768275,,0.408029381,,,,,,
,28-Aug-24,203,45532203,60,30.1,0.068349275,,0.052854494,,2.384976353,,1329.695322,,0.3887315,,,,,,
,28-Aug-24,204,45532204,0,28.6,0.068349275,,0.053623424,,2.435564975,,467.5409036,,0.354339986,,,,,,
,28-Aug-24,204,45532204,15,28.9,0.068349275,,0.053623424,,2.379355395,,696.0863911,,0.349738038,,,,,,
,28-Aug-24,204,45532204,30,30.5,0.068349275,,0.053623424,,2.418702101,,905.6123652,,0.383693977,,,,,,
,28-Aug-24,204,45532204,45,31.8,0.068349275,,0.053623424,,2.476597969,,1104.593881,,0.36123344,,,,,,
,28-Aug-24,204,45532204,60,32.2,0.068349275,,0.053623424,,2.42825773,,1408.430522,,0.404506902,,,,,,
,28-Aug-24,205,45532205,0,28.9,0.068349275,,0.053196241,,2.435564975,,467.5409036,,0.354339986,,,,,,
,28-Aug-24,205,45532205,15,28.7,0.068349275,,0.053196241,,2.399590844,,732.8337576,,0.357559456,,,,,,
,28-Aug-24,205,45532205,30,30.5,0.068349275,,0.053196241,,2.407460185,,1001.330868,,0.3764407,,,,,,
,28-Aug-24,205,45532205,45,30.8,0.068349275,,0.053196241,,2.388911024,,1195.291104,,0.391666899,,,,,,
,28-Aug-24,205,45532205,60,31.8,0.068349275,,0.053196241,,2.465356053,,1465.705388,,0.408483895,,,,,,
,28-Aug-24,206,45532206,0,28.6,0.068349275,,0.053367114,,2.435564975,,467.5409036,,0.354339986,,,,,,
,28-Aug-24,206,45532206,15,29.9,0.068349275,,0.053367114,,2.399590844,,675.3425654,,0.357502642,,,,,,
,28-Aug-24,206,45532206,30,32.9,0.068349275,,0.053367114,,2.39340779,,893.1616059,,0.393731147,,,,,,
,28-Aug-24,206,45532206,45,32.7,0.068349275,,0.053367114,,2.427695634,,1070.871071,,0.412896462,,,,,,
,28-Aug-24,206,45532206,60,34.2,0.068349275,,0.053367114,,2.430506113,,1298.344086,,0.440432399,,,,,,
,28-Aug-24,301,45532301,0,29.1,0.068349275,,0.073413956,,2.411394856,,463.0301072,,0.357862465,,,,,,
,28-Aug-24,301,45532301,15,29.3,0.068349275,,0.073413956,,2.447931083,,763.2533043,,0.368126893,,,,,,
,28-Aug-24,301,45532301,30,32.5,0.068349275,,0.073413956,,2.425447251,,878.5710512,,0.386496809,,,,,,
,28-Aug-24,301,45532301,45,29.3,0.068349275,,0.073413956,,2.518755154,,1154.713395,,0.355040695,,,,,,
,28-Aug-24,301,45532301,60,32.8,0.068349275,,0.073413956,,2.395656174,,1290.689696,,0.396836989,,,,,,
,28-Aug-24,302,45532302,0,27.5,0.068349275,,0.073601917,,2.411394856,,463.0301072,,0.357862465,,,,,,
,28-Aug-24,302,45532302,15,27,0.068349275,,0.073601917,,2.487277789,,686.0632895,,0.342238567,,,,,,
,28-Aug-24,302,45532302,30,27.9,0.068349275,,0.073601917,,2.572154255,,840.167475,,0.355855031,,,,,,
,28-Aug-24,302,45532302,45,30.8,0.068349275,,0.073601917,,2.574402638,,960.0274942,,0.384091676,,,,,,
,28-Aug-24,302,45532302,60,29.4,0.068349275,,0.073601917,,2.478846352,,1066.038648,,0.359396448,,,,,,
,28-Aug-24,303,45532303,0,24.48,0.068349275,,0.074507545,,2.411394856,,463.0301072,,0.357862465,,,,,,
,28-Aug-24,303,45532303,15,26.02,0.068349275,,0.074507545,,2.423198868,,639.5011353,,0.363165122,,,,,,
,28-Aug-24,303,45532303,30,27.94,0.068349275,,0.074507545,,2.452427849,,750.8775152,,0.372312204,,,,,,
,28-Aug-24,303,45532303,45,31.96666667,0.068349275,,0.074507545,,2.438375454,,852.7424214,,0.354321048,,,,,,
,28-Aug-24,303,45532303,60,30.4,0.068349275,,0.074507545,,2.462545574,,966.6345918,,0.392405483,,,,,,
,28-Aug-24,304,45532304,0,28.1,0.068349275,,0.074456283,,2.411956952,,465.8801156,,0.336292017,,,,,,
,28-Aug-24,304,45532304,15,28.4,0.068349275,,0.074456283,,2.450179466,,622.0668674,,0.347313967,,,,,,
,28-Aug-24,304,45532304,30,31.4,0.068349275,,0.074456283,,2.415329526,,728.4688954,,0.346196621,,,,,,
,28-Aug-24,304,45532304,45,32.1,0.068349275,,0.074456283,,2.45636252,,675.8971152,,0.366365653,,,,,,
,28-Aug-24,304,45532304,60,31.8,0.068349275,,0.074456283,,2.423760963,,924.8184454,,0.351347773,,,,,,
,28-Aug-24,305,45532305,0,28.7,0.068349275,,0.073824052,,2.411956952,,465.8801156,,0.336292017,,,,,,
,28-Aug-24,305,45532305,15,30.1,0.068349275,,0.073824052,,2.450179466,,680.1646879,,0.340969717,,,,,,
,28-Aug-24,305,45532305,30,34.6,0.068349275,,0.073824052,,2.401839227,,841.950161,,0.351953791,,,,,,
,28-Aug-24,305,45532305,45,32.1,0.068349275,,0.073824052,,2.440061742,,911.7084071,,0.3912692,,,,,,
,28-Aug-24,305,45532305,60,34.8,0.068349275,,0.073824052,,2.383290066,,1092.772069,,0.360286537,,,,,,
,28-Aug-24,306,45532306,0,28.3,0.068349275,,0.075908705,,2.411956952,,465.8801156,,0.336292017,,,,,,
,28-Aug-24,306,45532306,15,27.6,0.068349275,,0.075908705,,2.426571442,,711.0546577,,0.349416091,,,,,,
,28-Aug-24,306,45532306,30,33,0.068349275,,0.075908705,,2.424323059,,958.3672785,,0.363543883,,,,,,
,28-Aug-24,306,45532306,45,30.7,0.068349275,,0.075908705,,2.423760963,,1107.800999,,0.379262471,,,,,,
,28-Aug-24,306,45532306,60,31.2,0.068349275,,0.075908705,,2.397904557,,1309.258817,,0.38015256,,,,,,
,5-Apr-24,101,45387101,0,22,0.068349275,,0.014947986,,2.068314974,,455.1886517,,0.342420977,,,,,,
,5-Apr-24,101,45387101,15,25.9,0.068349275,,0.014947986,,2.010901628,,517.7305679,,0.387282397,,,,,,
,5-Apr-24,101,45387101,30,24.8,0.068349275,,0.014947986,,2.068314974,,547.5005522,,0.391696509,,,,,,
,5-Apr-24,101,45387101,45,26.7,0.068349275,,0.014947986,,2.109324507,,585.9746936,,0.395039414,,,,,,
,5-Apr-24,101,45387101,60,27.7,0.068349275,,0.014947986,,2.055426264,,615.1137756,,0.356623707,,,,,,
,5-Apr-24,102,45387102,0,22,0.068349275,,0.015153034,,2.068314974,,455.1886517,,0.342420977,,,,,,
,5-Apr-24,102,45387102,15,26.3,0.068349275,,0.015153034,,2.155606694,,523.3478924,,0.343806158,,,,,,
,5-Apr-24,102,45387102,30,26.3,0.068349275,,0.015153034,,2.085304638,,559.3139105,,0.336104548,,,,,,
,5-Apr-24,102,45387102,45,27.3,0.068349275,,0.015153034,,2.097021647,,578.7732309,,0.387116175,,,,,,
,5-Apr-24,102,45387102,60,29.2,0.068349275,,0.015153034,,2.044295105,,606.6946715,,0.343695344,,,,,,
,5-Apr-24,103,45387103,0,22.1,0.068349275,,0.014901385,,2.068314974,,455.1886517,,0.342420977,,,,,,
,5-Apr-24,103,45387103,15,26.9,0.068349275,,0.014901385,,2.065971572,,524.3837192,,0.330674635,,,,,,
,5-Apr-24,103,45387103,30,26.8,0.068349275,,0.014901385,,2.054254563,,559.2261577,,0.338671751,,,,,,
,5-Apr-24,103,45387103,45,26.7,0.068349275,,0.014901385,,2.120455666,,582.5477472,,0.337120348,,,,,,
,5-Apr-24,103,45387103,60,28.8,0.068349275,,0.014901385,,2.133930227,,619.3046873,,0.34275342,,,,,,
,5-Apr-24,104,45387104,0,22.1,0.068349275,,0.01511886,,2.089405591,,453.2403108,,0.379802415,,,,,,
,5-Apr-24,104,45387104,15,26.9,0.068349275,,0.01511886,,2.077102731,,546.3867229,,0.341460584,,,,,,
,5-Apr-24,104,45387104,30,26.8,0.068349275,,0.01511886,,2.060698918,,598.3690556,,0.350122587,,,,,,
,5-Apr-24,104,45387104,45,26.7,0.068349275,,0.01511886,,2.061870619,,674.236775,,0.344563391,,,,,,
,5-Apr-24,104,45387104,60,28.8,0.068349275,,0.01511886,,2.053668713,,706.0158962,,0.407820025,,,,,,
,5-Apr-24,105,45387105,0,22,0.068349275,,0.014845463,,2.089405591,,453.2403108,,0.379802415,,,,,,
,5-Apr-24,105,45387105,15,24.5,0.068349275,,0.014845463,,2.034921498,,567.1766735,,0.397144891,,,,,,
,5-Apr-24,105,45387105,30,26.9,0.068349275,,0.014845463,,2.030820544,,664.3000641,,0.356051165,,,,,,
,5-Apr-24,105,45387105,45,26.9,0.068349275,,0.014845463,,2.08764804,,725.3920522,,0.408706541,,,,,,
,5-Apr-24,105,45387105,60,28.1,0.068349275,,0.014845463,,1.992154413,,806.2932246,,0.418587504,,,,,,
,5-Apr-24,106,45387106,0,22,0.068349275,,0.015358082,,2.089405591,,453.2403108,,0.379802415,,,,,,
,5-Apr-24,106,45387106,15,27.1,0.068349275,,0.015358082,,2.115183012,,549.0818227,,0.421893471,,,,,,
,5-Apr-24,106,45387106,30,28.4,0.068349275,,0.015358082,,2.07475933,,568.0748489,,0.343178209,,,,,,
,5-Apr-24,106,45387106,45,29.8,0.068349275,,0.015358082,,2.111082059,,610.538587,,0.392878531,,,,,,
,5-Apr-24,106,45387106,60,31.3,0.068349275,,0.015358082,,2.117526414,,652.0473684,,0.352265002,,,,,,
,5-Apr-24,201,45387201,0,21.7,0.068349275,,0.014975326,,2.022618638,,490.6206971,,0.347869358,,,,,,
,5-Apr-24,201,45387201,15,28.8,0.068349275,,0.014975326,,2.060113068,,519.9840361,,0.334608552,,,,,,
,5-Apr-24,201,45387201,30,28,0.068349275,,0.014975326,,2.01324503,,532.2636886,,0.33889338,,,,,,
,5-Apr-24,201,45387201,45,29.2,0.068349275,,0.014975326,,2.097607498,,534.1168207,,0.33566129,,,,,,
,5-Apr-24,201,45387201,60,31.4,0.068349275,,0.014975326,,2.122799068,,541.8155491,,0.334627021,,,,,,
,5-Apr-24,202,45387202,0,21.7,0.068349275,,0.013977427,,2.022618638,,490.6206971,,0.347869358,,,,,,
,5-Apr-24,202,45387202,15,28.5,0.068349275,,0.013977427,,2.032578096,,492.484153,,0.329917403,,,,,,
,5-Apr-24,202,45387202,30,27.9,0.068349275,,0.013977427,,2.186070919,,481.6056771,,0.393451073,,,,,,
,5-Apr-24,202,45387202,45,29.4,0.068349275,,0.013977427,,2.12514247,,484.3891033,,0.380356488,,,,,,
,5-Apr-24,202,45387202,60,31.4,0.068349275,,0.013977427,,2.08764804,,474.1633245,,0.404421712,,,,,,
,5-Apr-24,203,45387203,0,21.7,0.068349275,,0.013293934,,2.022618638,,490.6206971,,0.347869358,,,,,,
,5-Apr-24,203,45387203,15,28,0.068349275,,0.013293934,,2.074173479,,533.2616613,,0.338431653,,,,,,
,5-Apr-24,203,45387203,30,28.2,0.068349275,,0.013293934,,2.079446133,,597.378539,,0.354019565,,,,,,
,5-Apr-24,203,45387203,45,30.1,0.068349275,,0.013293934,,2.067143273,,631.7472273,,0.349937896,,,,,,
,5-Apr-24,203,45387203,60,31.6,0.068349275,,0.013293934,,2.065385722,,670.5660708,,0.351877151,,,,,,
,5-Apr-24,204,45387204,0,22.3,0.068349275,,0.013882359,,2.044880956,,450.1896115,,0.333555813,,,,,,
,5-Apr-24,204,45387204,15,26.6,0.068349275,,0.013882359,,2.048396058,,542.3730373,,0.337341977,,,,,,
,5-Apr-24,204,45387204,30,27.8,0.068349275,,0.013882359,,2.114011311,,561.0041551,,0.391160905,,,,,,
,5-Apr-24,204,45387204,45,29.2,0.068349275,,0.013882359,,2.06304232,,585.122402,,0.347333755,,,,,,
,5-Apr-24,204,45387204,60,30.3,0.068349275,,0.013882359,,2.070658376,,611.1643273,,0.404735687,,,,,,
,5-Apr-24,205,45387205,0,22.3,0.068349275,,0.013997932,,2.044880956,,450.1896115,,0.333555813,,,,,,
,5-Apr-24,205,45387205,15,24.2,0.068349275,,0.013997932,,2.053082862,,514.3569614,,0.336695559,,,,,,
,5-Apr-24,205,45387205,30,25.3,0.068349275,,0.013997932,,2.081203685,,539.6125531,,0.350307278,,,,,,
,5-Apr-24,205,45387205,45,26,0.068349275,,0.013997932,,2.06245647,,562.9863353,,0.367169557,,,,,,
,5-Apr-24,205,45387205,60,27.3,0.068349275,,0.013997932,,2.070658376,,577.5945907,,0.359227849,,,,,,
,5-Apr-24,206,45387206,0,22.3,0.068349275,,0.013492147,,2.044880956,,450.1896115,,0.333555813,,,,,,
,5-Apr-24,206,45387206,15,25.3,0.068349275,,0.013492147,,2.092920694,,504.0784162,,0.393137098,,,,,,
,5-Apr-24,206,45387206,30,26.1,0.068349275,,0.013492147,,2.040194152,,519.1965554,,0.393691171,,,,,,
,5-Apr-24,206,45387206,45,27.7,0.068349275,,0.013492147,,2.061870619,,529.733197,,0.37991323,,,,,,
,5-Apr-24,206,45387206,60,28.8,0.068349275,,0.013492147,,2.078860283,,532.0881831,,0.345819289,,,,,,
,5-Apr-24,301,45387301,0,22.9,0.068349275,,0.014901385,,2.021446937,,452.4620068,,0.340537129,,,,,,
,5-Apr-24,301,45387301,15,23.8,0.068349275,,0.014901385,,2.080617834,,458.9666093,,0.380541179,,,,,,
,5-Apr-24,301,45387301,30,26.4,0.068349275,,0.014901385,,2.013830881,,458.698189,,0.335975264,,,,,,
,5-Apr-24,301,45387301,45,26.5,0.068349275,,0.014901385,,2.068314974,,447.6660024,,0.329123232,,,,,,
,5-Apr-24,301,45387301,60,28.1,0.068349275,,0.014901385,,2.132758526,,474.1076904,,0.335679759,,,,,,
,5-Apr-24,302,45387302,0,22.9,0.068349275,,0.015250301,,2.021446937,,452.4620068,,0.340537129,,,,,,
,5-Apr-24,302,45387302,15,24.1,0.068349275,,0.015250301,,1.978679852,,472.9755075,,0.332576952,,,,,,
,5-Apr-24,302,45387302,30,26.6,0.068349275,,0.015250301,,2.057183815,,514.4579058,,0.333685097,,,,,,
,5-Apr-24,302,45387302,45,27.8,0.068349275,,0.015250301,,2.0999509,,540.6999992,,0.329455675,,,,,,
,5-Apr-24,302,45387302,60,29.3,0.068349275,,0.015250301,,2.07475933,,528.315961,,0.322769865,,,,,,
,5-Apr-24,303,45387303,0,22.9,0.068349275,,0.014803401,,2.021446937,,452.4620068,,0.340537129,,,,,,
,5-Apr-24,303,45387303,15,26.9,0.068349275,,0.014803401,,2.058355516,,464.1423021,,0.343861566,,,,,,
,5-Apr-24,303,45387303,30,27.8,0.068349275,,0.014803401,,2.048981909,,548.9717016,,0.351526238,,,,,,
,5-Apr-24,303,45387303,45,28,0.068349275,,0.014803401,,2.066557423,,631.5212496,,0.346170202,,,,,,
,5-Apr-24,303,45387303,60,28.1,0.068349275,,0.014803401,,2.041951703,,640.45712,,0.401448189,,,,,,
,5-Apr-24,304,45387304,0,21.6,0.068349275,,0.015329165,,2.078274432,,450.0318859,,0.324099639,,,,,,
,5-Apr-24,304,45387304,15,26.3,0.068349275,,0.015329165,,2.007972376,,456.8433363,,0.377401433,,,,,,
,5-Apr-24,304,45387304,30,27.4,0.068349275,,0.015329165,,2.044295105,,484.940856,,0.375905437,,,,,,
,5-Apr-24,304,45387304,45,30.1,0.068349275,,0.015329165,,2.058941367,,488.5966479,,0.343344431,,,,,,
,5-Apr-24,304,45387304,60,31.7,0.068349275,,0.015329165,,2.126314171,,501.0764685,,0.339576737,,,,,,
,5-Apr-24,305,45387305,0,21.6,0.068349275,,0.014619384,,2.078274432,,450.0318859,,0.324099639,,,,,,
,5-Apr-24,305,45387305,15,25.5,0.068349275,,0.014619384,,2.060113068,,458.5502138,,0.322954556,,,,,,
,5-Apr-24,305,45387305,30,22.5,0.068349275,,0.014619384,,2.053668713,,462.1021936,,0.337452791,,,,,,
,5-Apr-24,305,45387305,45,26.9,0.068349275,,0.014619384,,2.089991442,,457.5791978,,0.348922096,,,,,,
,5-Apr-24,305,45387305,60,30.1,0.068349275,,0.014619384,,2.119283965,,457.5338876,,0.343399838,,,,,,
,5-Apr-24,306,45387306,0,21.6,0.068349275,,0.015329165,,2.078274432,,450.0318859,,0.324099639,,,,,,
,5-Apr-24,306,45387306,15,23.3,0.068349275,,0.015329165,,2.054254563,,457.7948517,,0.330305254,,,,,,
,5-Apr-24,306,45387306,30,22.9,0.068349275,,0.015329165,,2.101708451,,468.2724178,,0.374298626,,,,,,
,5-Apr-24,306,45387306,45,24.3,0.068349275,,0.015329165,,2.073001778,,471.4882988,,0.396332251,,,,,,
,5-Apr-24,306,45387306,60,27.8,0.068349275,,0.015329165,,2.057769666,,477.705554,,0.40588077,,,,,,
,16-May-24,101,45428101,0,29.1,0.068349275,,0.012555762,,2.210294827,,428.0313106,,0.331850521,,,,,,
,16-May-24,101,45428101,15,32.3,0.068349275,,0.012555762,,2.050084619,,731.5232631,,0.392276514,,,,,,
,16-May-24,101,45428101,30,35.4,0.068349275,,0.012555762,,2.101538992,,1049.541096,,0.332143946,,,,,,
,16-May-24,101,45428101,45,32.4,0.068349275,,0.012555762,,2.08341302,,1199.99025,,0.430597823,,,,,,
,16-May-24,101,45428101,60,33.4,0.068349275,,0.012555762,,2.044237531,,1657.179827,,0.349338652,,,,,,
,16-May-24,102,45428102,0,27,0.068349275,,0.011667221,,2.210294827,,428.0313106,,0.331850521,,,,,,
,16-May-24,102,45428102,15,29.2,0.068349275,,0.011667221,,2.765768175,,771.4413366,,0.315809953,,,,,,
,16-May-24,102,45428102,30,30.1,0.068349275,,0.011667221,,2.019095053,,908.0414249,,0.33711261,,,,,,
,16-May-24,102,45428102,45,31.8,0.068349275,,0.011667221,,2.336591925,,1332.126287,,0.352272903,,,,,,
,16-May-24,102,45428102,60,32.3,0.068349275,,0.011667221,,2.151823948,,1641.139663,,0.479658487,,,,,,
,16-May-24,103,45428103,0,27.6,0.068349275,,0.011393824,,2.210294827,,428.0313106,,0.331850521,,,,,,
,16-May-24,103,45428103,15,29.1,0.068349275,,0.011393824,,1.984012526,,843.9626212,,0.327586077,,,,,,
,16-May-24,103,45428103,30,30.4,0.068349275,,0.011393824,,2.045406949,,1277.707988,,0.449905189,,,,,,
,16-May-24,103,45428103,45,31.4,0.068349275,,0.011393824,,2.005646751,,1410.463422,,0.425159679,,,,,,
,16-May-24,103,45428103,60,32.4,0.068349275,,0.011393824,,2.244207936,,1872.598395,,0.468801761,,,,,,
,16-May-24,104,45428104,0,29,0.068349275,,0.012077317,,2.031373938,,458.0677535,,0.355481016,,,,,,
,16-May-24,104,45428104,15,31.9,0.068349275,,0.012077317,,2.074057679,,646.8559475,,0.347284677,,,,,,
,16-May-24,104,45428104,30,35.1,0.068349275,,0.012077317,,2.120249673,,991.9201403,,0.336486636,,,,,,
,16-May-24,104,45428104,45,36.2,0.068349275,,0.012077317,,2.052423454,,1152.715166,,0.433669005,,,,,,
,16-May-24,104,45428104,60,37.3,0.068349275,,0.012077317,,2.062948212,,1313.199272,,0.433629881,,,,,,
,16-May-24,105,45428105,0,27.2,0.068349275,,0.011393824,,2.031373938,,458.0677535,,0.355481016,,,,,,
,16-May-24,105,45428105,15,28.1,0.068349275,,0.011393824,,2.172873464,,828.0244681,,0.393880571,,,,,,
,16-May-24,105,45428105,30,29.7,0.068349275,,0.011393824,,2.054762289,,925.9788719,,0.342413822,,,,,,
,16-May-24,105,45428105,45,30.6,0.068349275,,0.011393824,,2.793249488,,1063.401768,,0.412522841,,,,,,
,16-May-24,105,45428105,60,31.3,0.068349275,,0.011393824,,2.123173217,,464.4394718,,0.308904684,,,,,,
,16-May-24,106,45428106,0,27.4,0.068349275,,0.011086252,,2.031373938,,458.0677535,,0.355481016,,,,,,
,16-May-24,106,45428106,15,28.3,0.068349275,,0.011086252,,2.193338272,,659.6195422,,0.315203541,,,,,,
,16-May-24,106,45428106,30,30.2,0.068349275,,0.011086252,,2.689756033,,1065.530561,,0.406654341,,,,,,
,16-May-24,106,45428106,45,31.1,0.068349275,,0.011086252,,2.364657947,,1247.464469,,0.446521021,,,,,,
,16-May-24,106,45428106,60,31.9,0.068349275,,0.011086252,,2.144807443,,1577.694915,,0.375883836,,,,,,
,16-May-24,201,45428201,0,26.1,0.068349275,,0.010773799,,2.282214008,,503.9812651,,0.358239212,,,,,,
,16-May-24,201,45428201,15,29.1,0.068349275,,0.010773799,,2.438331254,,761.6721014,,0.382515242,,,,,,
,16-May-24,201,45428201,30,31.2,0.068349275,,0.010773799,,2.119664965,,939.8627552,,0.39374364,,,,,,
,16-May-24,201,45428201,45,32.5,0.068349275,,0.010773799,,2.041898696,,1228.395127,,0.336701815,,,,,,
,16-May-24,201,45428201,60,32.6,0.068349275,,0.010773799,,2.492709171,,1445.867355,,0.444173621,,,,,,
,16-May-24,202,45428202,0,27.1,0.068349275,,0.011457291,,2.282214008,,503.9812651,,0.358239212,,,,,,
,16-May-24,202,45428202,15,29.2,0.068349275,,0.011457291,,2.326067167,,745.8903244,,0.32609939,,,,,,
,16-May-24,202,45428202,30,31.8,0.068349275,,0.011457291,,2.026696267,,953.5481141,,0.341259683,,,,,,
,16-May-24,202,45428202,45,32.7,0.068349275,,0.011457291,,2.279290464,,1028.520718,,0.427037599,,,,,,
,16-May-24,202,45428202,60,33.4,0.068349275,,0.011457291,,2.221404294,,1428.493717,,0.499494019,,,,,,
,16-May-24,203,45428203,0,26.3,0.068349275,,0.010358821,,2.282214008,,503.9812651,,0.358239212,,,,,,
,16-May-24,203,45428203,15,30.1,0.068349275,,0.010358821,,2.300924689,,728.5716628,,0.327468707,,,,,,
,16-May-24,203,45428203,30,32.1,0.068349275,,0.010358821,,2.048915201,,988.8970711,,0.395093395,,,,,,
,16-May-24,203,45428203,45,33.7,0.068349275,,0.010358821,,2.207955992,,1030.481528,,0.342531192,,,,,,
,16-May-24,203,45428203,60,33.7,0.068349275,,0.010358821,,2.248885607,,1305.445213,,0.351999039,,,,,,
,16-May-24,204,45428204,0,26.4,0.068349275,,0.01140847,,2.526037572,,500.9325405,,0.310704357,,,,,,
,16-May-24,204,45428204,15,30.6,0.068349275,,0.01140847,,2.110309624,,398.8188968,,0.335410745,,,,,,
,16-May-24,204,45428204,30,32.6,0.068349275,,0.01140847,,2.206786574,,1092.633118,,0.367061524,,,,,,
,16-May-24,204,45428204,45,33.4,0.068349275,,0.01140847,,2.534223495,,1373.319804,,0.440319972,,,,,,
,16-May-24,204,45428204,60,34,0.068349275,,0.01140847,,2.045406949,,1510.527071,,0.482181942,,,,,,
,16-May-24,205,45428205,0,27.7,0.068349275,,0.011066724,,2.526037572,,500.9325405,,0.310704357,,,,,,
,16-May-24,205,45428205,15,30.3,0.068349275,,0.011066724,,2.244792645,,603.1995061,,0.306909394,,,,,,
,16-May-24,205,45428205,30,31.9,0.068349275,,0.011066724,,2.042483405,,825.2219138,,0.380559075,,,,,,
,16-May-24,205,45428205,45,32.6,0.068349275,,0.011066724,,2.282214008,,924.7761192,,0.328153366,,,,,,
,16-May-24,205,45428205,60,32.2,0.068349275,,0.011066724,,2.24713148,,1089.667468,,0.340770642,,,,,,
,16-May-24,206,45428206,0,26.7,0.068349275,,0.011296182,,2.526037572,,500.9325405,,0.310704357,,,,,,
,16-May-24,206,45428206,15,29.1,0.068349275,,0.011296182,,2.726592687,,649.1496684,,0.370504378,,,,,,
,16-May-24,206,45428206,30,31.2,0.068349275,,0.011296182,,2.089844816,,940.1419112,,0.320054835,,,,,,
,16-May-24,206,45428206,45,32.4,0.068349275,,0.011296182,,2.409095815,,1079.934883,,0.396932192,,,,,,
,16-May-24,206,45428206,60,32.5,0.068349275,,0.011296182,,2.374597996,,1250.267634,,0.451294068,,,,,,
,16-May-24,301,45428301,0,25.4,0.068349275,,0.010935884,,2.086921273,,405.7941295,,0.342237767,,,,,,
,16-May-24,301,45428301,15,29,0.068349275,,0.010935884,,2.324897749,,681.0626255,,0.326236322,,,,,,
,16-May-24,301,45428301,30,31.8,0.068349275,,0.010935884,,2.395062804,,900.2879764,,0.334432661,,,,,,
,16-May-24,301,45428301,45,32.7,0.068349275,,0.010935884,,2.123173217,,870.382865,,0.383708504,,,,,,
,16-May-24,301,45428301,60,33.4,0.068349275,,0.010935884,,2.034297482,,694.9452871,,0.314460198,,,,,,
,16-May-24,302,45428302,0,25.5,0.068349275,,0.011113592,,2.086921273,,405.7941295,,0.342237767,,,,,,
,16-May-24,302,45428302,15,30.3,0.068349275,,0.011113592,,2.075227097,,668.7174593,,0.417471943,,,,,,
,16-May-24,302,45428302,30,32.9,0.068349275,,0.011113592,,2.113233168,,797.7119235,,0.324123662,,,,,,
,16-May-24,302,45428302,45,33.7,0.068349275,,0.011113592,,2.489785627,,1003.187777,,0.338012446,,,,,,
,16-May-24,302,45428302,60,34.2,0.068349275,,0.011113592,,2.138375646,,532.8137336,,0.338071131,,,,,,
,16-May-24,303,45428303,0,26.6,0.068349275,,0.012056812,,2.086921273,,405.7941295,,0.342237767,,,,,,
,16-May-24,303,45428303,15,33.2,0.068349275,,0.012056812,,2.109724915,,617.5702325,,0.311252084,,,,,,
,16-May-24,303,45428303,30,35.7,0.068349275,,0.012056812,,2.095107196,,773.583568,,0.328681531,,,,,,
,16-May-24,303,45428303,45,37.1,0.068349275,,0.012056812,,2.235437305,,928.381934,,0.41355961,,,,,,
,16-May-24,303,45428303,60,36,0.068349275,,0.012056812,,2.100369575,,1064.041933,,0.408493138,,,,,,
,16-May-24,304,45428304,0,26.2,0.068349275,,0.011619377,,2.100954283,,436.8317464,,0.288971344,,,,,,
,16-May-24,304,45428304,15,30.8,0.068349275,,0.011619377,,2.0155868,,626.9528031,,0.376470686,,,,,,
,16-May-24,304,45428304,30,32.8,0.068349275,,0.011619377,,2.40675698,,880.9749077,,0.369095937,,,,,,
,16-May-24,304,45428304,45,33.8,0.068349275,,0.011619377,,2.053592872,,957.8820554,,0.50958784,,,,,,
,16-May-24,304,45428304,60,33.9,0.068349275,,0.011619377,,2.706127879,,1032.467383,,0.319820095,,,,,,
,16-May-24,305,45428305,0,27.1,0.068349275,,0.011181941,,2.100954283,,436.8317464,,0.288971344,,,,,,
,16-May-24,305,45428305,15,32.7,0.068349275,,0.011181941,,2.542994127,,798.675836,,0.316220748,,,,,,
,16-May-24,305,45428305,30,33.6,0.068349275,,0.011181941,,2.043068113,,1359.517774,,0.400375045,,,,,,
,16-May-24,305,45428305,45,34.8,0.068349275,,0.011181941,,2.041313987,,1719.801156,,0.437855202,,,,,,
,16-May-24,305,45428305,60,35.8,0.068349275,,0.011181941,,2.179305261,,2222.729543,,0.392785118,,,,,,
,16-May-24,306,45428306,0,27.3,0.068349275,,0.012849664,,2.100954283,,436.8317464,,0.288971344,,,,,,
,16-May-24,306,45428306,15,33.3,0.068349275,,0.012849664,,2.02552685,,895.7139732,,0.389811744,,,,,,
,16-May-24,306,45428306,30,34.6,0.068349275,,0.012849664,,2.160009871,,1330.573521,,0.330500766,,,,,,
,16-May-24,306,45428306,45,34.9,0.068349275,,0.012849664,,2.166441668,,1562.790311,,0.471110038,,,,,,
,16-May-24,306,45428306,60,36.4,0.068349275,,0.012849664,,2.041898696,,1673.293903,,0.365946509,,,,,,
,30-May-24,101,45442101,0,26.1,0.068349275,,0.022288699,,2.012793151,,431.2431643,,0.36483476,,,,,,
,30-May-24,101,45442101,15,30.1,0.068349275,,0.022288699,,2.080147893,,676.4163497,,0.40607356,,,,,,
,30-May-24,101,45442101,30,31.3,0.068349275,,0.022288699,,2.064195454,,838.1512793,,0.349485188,,,,,,
,30-May-24,101,45442101,45,31.9025,0.068349275,,0.022288699,,2.051788001,,1208.068854,,0.439647156,,,,,,
,30-May-24,101,45442101,60,32.9,0.068349275,,0.022288699,,2.027563928,,1540.00312,,0.469522291,,,,,,
,30-May-24,102,45442102,0,29.5,0.068349275,,0.021468507,,2.012793151,,431.2431643,,0.36483476,,,,,,
,30-May-24,102,45442102,15,27.3,0.068349275,,0.021468507,,2.146320972,,762.7890874,,0.339750378,,,,,,
,30-May-24,102,45442102,30,28.5,0.068349275,,0.021468507,,2.024018941,,1028.018522,,0.41147753,,,,,,
,30-May-24,102,45442102,45,28.2,0.068349275,,0.021468507,,2.090782852,,1417.941216,,0.374818689,,,,,,
,30-May-24,102,45442102,60,32.5,0.068349275,,0.021468507,,2.055923819,,1682.90161,,0.509879593,,,,,,
,30-May-24,103,45442103,0,26.6,0.068349275,,0.022254524,,2.012793151,,431.2431643,,0.36483476,,,,,,
,30-May-24,103,45442103,15,30.5,0.068349275,,0.022254524,,1.986205753,,714.8866088,,0.346649062,,,,,,
,30-May-24,103,45442103,30,32.1,0.068349275,,0.022254524,,2.007475671,,1013.828802,,0.415329295,,,,,,
,30-May-24,103,45442103,45,32.8,0.068349275,,0.022254524,,2.409831627,,1453.76125,,0.556713993,,,,,,
,30-May-24,103,45442103,60,32.7,0.068349275,,0.022254524,,2.018701462,,1681.351283,,0.366885202,,,,,,
,30-May-24,104,45442104,0,25.5,0.068349275,,0.022254524,,2.107916953,,425.5744588,,0.378862084,,,,,,
,30-May-24,104,45442104,15,32.2,0.068349275,,0.022254524,,1.97320747,,614.6108429,,0.332353456,,,,,,
,30-May-24,104,45442104,30,33.1,0.068349275,,0.022254524,,1.985614922,,877.9350857,,0.420024233,,,,,,
,30-May-24,104,45442104,45,34.4,0.068349275,,0.022254524,,2.05651465,,1051.888805,,0.425581506,,,,,,
,30-May-24,104,45442104,60,33.1,0.068349275,,0.022254524,,1.967299159,,1293.139001,,0.430295607,,,,,,
,30-May-24,105,45442105,0,26.1,0.068349275,,0.021673555,,2.107916953,,425.5744588,,0.378862084,,,,,,
,30-May-24,105,45442105,15,30.4,0.068349275,,0.021673555,,2.059468805,,680.9948961,,0.333196628,,,,,,
,30-May-24,105,45442105,30,31.5,0.068349275,,0.021673555,,1.985614922,,934.4541427,,0.356920436,,,,,,
,30-May-24,105,45442105,45,32.21,0.068349275,,0.021673555,,2.028154759,,1164.87579,,0.398925757,,,,,,
,30-May-24,105,45442105,60,33.3,0.068349275,,0.021673555,,2.070103764,,1477.322321,,0.449209499,,,,,,
,30-May-24,106,45442106,0,26.76,0.068349275,,0.021468507,,2.107916953,,425.5744588,,0.378862084,,,,,,
,30-May-24,106,45442106,15,30.1,0.068349275,,0.021468507,,2.021064786,,619.9739874,,0.339597074,,,,,,
,30-May-24,106,45442106,30,31.3,0.068349275,,0.021468507,,1.994477388,,882.1112897,,0.418893615,,,,,,
,30-May-24,106,45442106,45,31.9025,0.068349275,,0.021468507,,2.0175198,,1297.660331,,0.559013555,,,,,,
,30-May-24,106,45442106,60,32.9,0.068349275,,0.021468507,,2.041153042,,1623.980064,,0.403045805,,,,,,
,30-May-24,201,45442201,0,26.1,0.068349275,,0.021571031,,1.994477388,,415.7514621,,0.359660747,,,,,,
,30-May-24,201,45442201,15,33.1,0.068349275,,0.021571031,,2.104962797,,770.6612411,,0.425447365,,,,,,
,30-May-24,201,45442201,30,34.5,0.068349275,,0.021571031,,1.957845862,,926.671466,,0.33607108,,,,,,
,30-May-24,201,45442201,45,35.2,0.068349275,,0.021571031,,2.132731857,,1322.439385,,0.379226181,,,,,,
,30-May-24,201,45442201,60,35.6,0.068349275,,0.021571031,,1.972616639,,1732.638672,,0.408622241,,,,,,
,30-May-24,202,45442202,0,25.5,0.068349275,,0.022015302,,1.994477388,,415.7514621,,0.359660747,,,,,,
,30-May-24,202,45442202,15,32.8,0.068349275,,0.022015302,,2.080147893,,693.8552428,,0.370966924,,,,,,
,30-May-24,202,45442202,30,34.4,0.068349275,,0.022015302,,1.982660767,,889.0758906,,0.412129072,,,,,,
,30-May-24,202,45442202,45,34.8,0.068349275,,0.022015302,,2.068922102,,1328.0247,,0.46601546,,,,,,
,30-May-24,202,45442202,60,35.2,0.068349275,,0.022015302,,1.987387415,,1377.671677,,0.469637269,,,,,,
,30-May-24,203,45442203,0,25.9,0.068349275,,0.021092586,,1.994477388,,415.7514621,,0.359660747,,,,,,
,30-May-24,203,45442203,15,33.5,0.068349275,,0.021092586,,2.051788001,,545.4134368,,0.330743763,,,,,,
,30-May-24,203,45442203,30,35.4,0.068349275,,0.021092586,,1.989159908,,1102.630202,,0.349082764,,,,,,
,30-May-24,203,45442203,45,35.9,0.068349275,,0.021092586,,1.947210903,,1150.249032,,0.396856152,,,,,,
,30-May-24,203,45442203,60,36.5,0.068349275,,0.021092586,,2.048833846,,1332.15647,,0.457449594,,,,,,
,30-May-24,204,45442204,0,26.6,0.068349275,,0.022049476,,2.016928969,,425.1063782,,0.326317107,,,,,,
,30-May-24,204,45442204,15,32.5,0.068349275,,0.022049476,,1.99565905,,787.1706687,,0.396607033,,,,,,
,30-May-24,204,45442204,30,28,0.068349275,,0.022049476,,1.935394281,,1119.796403,,0.439570504,,,,,,
,30-May-24,204,45442204,45,34.6,0.068349275,,0.022049476,,1.987978246,,1367.387295,,0.486673187,,,,,,
,30-May-24,204,45442204,60,35.2,0.068349275,,0.022049476,,1.990341571,,1761.708364,,0.375757676,,,,,,
,30-May-24,205,45442205,0,27.7,0.068349275,,0.021912778,,2.016928969,,425.1063782,,0.326317107,,,,,,
,30-May-24,205,45442205,15,23.1,0.068349275,,0.021912778,,1.98443326,,562.3398151,,0.337450817,,,,,,
,30-May-24,205,45442205,30,22.4,0.068349275,,0.021912778,,2.016338137,,1033.7414,,0.352474618,,,,,,
,30-May-24,205,45442205,45,22.4,0.068349275,,0.021912778,,2.14513931,,919.3404353,,0.413872906,,,,,,
,30-May-24,205,45442205,60,29.9,0.068349275,,0.021912778,,2.024609772,,1288.549498,,0.427651111,,,,,,
,30-May-24,206,45442206,0,24.8,0.068349275,,0.021810254,,2.016928969,,425.1063782,,0.326317107,,,,,,
,30-May-24,206,45442206,15,31.7,0.068349275,,0.021810254,,2.127414378,,612.4743503,,0.337125045,,,,,,
,30-May-24,206,45442206,30,32.5,0.068349275,,0.021810254,,2.002158192,,934.0511916,,0.36560128,,,,,,
,30-May-24,206,45442206,45,32.8,0.068349275,,0.021810254,,1.982660767,,904.6582873,,0.357322859,,,,,,
,30-May-24,206,45442206,60,33.6,0.068349275,,0.021810254,,2.018110631,,1403.228024,,0.588812037,,,,,,
,30-May-24,301,45442301,0,25.7,0.068349275,,0.023512151,,1.958436693,,415.5798122,,0.366329475,,,,,,
,30-May-24,301,45442301,15,30.6,0.068349275,,0.023512151,,2.022837279,,641.2062202,,0.395744697,,,,,,
,30-May-24,301,45442301,30,30.2,0.068349275,,0.023512151,,2.053560495,,949.5934149,,0.415156828,,,,,,
,30-May-24,301,45442301,45,31.8,0.068349275,,0.023512151,,1.968480821,,1057.342036,,0.426348027,,,,,,
,30-May-24,301,45442301,60,33,0.068349275,,0.023512151,,2.049424677,,986.798213,,0.422956174,,,,,,
,30-May-24,302,45442302,0,26.9,0.068349275,,0.021769244,,1.958436693,,415.5798122,,0.366329475,,,,,,
,30-May-24,302,45442302,15,32,0.068349275,,0.021769244,,1.977343287,,680.3959477,,0.409829511,,,,,,
,30-May-24,302,45442302,30,32.8,0.068349275,,0.021769244,,1.999204037,,964.2207811,,0.41103678,,,,,,
,30-May-24,302,45442302,45,34,0.068349275,,0.021769244,,1.963163342,,984.1960745,,0.416958151,,,,,,
,30-May-24,302,45442302,60,34.4,0.068349275,,0.021769244,,1.948983396,,1151.546754,,0.393272669,,,,,,
,30-May-24,303,45442303,0,26.94,0.068349275,,0.021933282,,1.958436693,,415.5798122,,0.366329475,,,,,,
,30-May-24,303,45442303,15,31.4,0.068349275,,0.021933282,,1.980297442,,586.8187864,,0.410672683,,,,,,
,30-May-24,303,45442303,30,32.08,0.068349275,,0.021933282,,1.996840712,,711.7013478,,0.393713418,,,,,,
,30-May-24,303,45442303,45,33.06,0.068349275,,0.021933282,,1.920623505,,651.2964307,,0.340459409,,,,,,
,30-May-24,303,45442303,60,32.7,0.068349275,,0.021933282,,2.003930685,,752.5826176,,0.414237003,,,,,,
,30-May-24,304,45442304,0,28.6,0.068349275,,0.0217214,,1.8958086,,422.1505924,,0.330877904,,,,,,
,30-May-24,304,45442304,15,31.8,0.068349275,,0.0217214,,1.966117497,,502.5794979,,0.352014705,,,,,,
,30-May-24,304,45442304,30,32.8,0.068349275,,0.0217214,,1.997431543,,588.0921603,,0.34657241,,,,,,
,30-May-24,304,45442304,45,33,0.068349275,,0.0217214,,1.944256747,,494.320219,,0.33467218,,,,,,
,30-May-24,304,45442304,60,33.8,0.068349275,,0.0217214,,1.94543841,,564.6930005,,0.399098224,,,,,,
,30-May-24,305,45442305,0,26.4,0.068349275,,0.0217214,,1.8958086,,422.1505924,,0.330877904,,,,,,
,30-May-24,305,45442305,15,30.3,0.068349275,,0.0217214,,1.97911578,,569.9733634,,0.380529266,,,,,,
,30-May-24,305,45442305,30,31.2,0.068349275,,0.0217214,,1.97320747,,786.3696361,,0.351938053,,,,,,
,30-May-24,305,45442305,45,32.1,0.068349275,,0.0217214,,2.038789718,,813.5280491,,0.443863019,,,,,,
,30-May-24,305,45442305,60,32.7,0.068349275,,0.0217214,,2.01220232,,928.9887388,,0.360158985,,,,,,
,30-May-24,306,45442306,0,27.1,0.068349275,,0.021256625,,1.8958086,,422.1505924,,0.330877904,,,,,,
,30-May-24,306,45442306,15,32.3,0.068349275,,0.021256625,,2.02342811,,603.3963869,,0.333541562,,,,,,
,30-May-24,306,45442306,30,33.4,0.068349275,,0.021256625,,1.955482538,,794.5863069,,0.394460776,,,,,,
,30-May-24,306,45442306,45,34.4,0.068349275,,0.021256625,,2.05651465,,786.9771061,,0.436312793,,,,,,
,30-May-24,306,45442306,60,29.6,0.068349275,,0.021256625,,1.986796584,,930.0782892,,0.356326383,,,,,,
,5-Jun-24,101,45448101,0,25.5,0.068349275,,0.022459572,,2.001567361,,427.7632986,,0.324611599,,,,,,
,5-Jun-24,101,45448101,15,29.3,0.068349275,,0.022459572,,1.970253314,,906.886083,,0.387255483,,,,,,
,5-Jun-24,101,45448101,30,29.5,0.068349275,,0.022459572,,1.925940984,,1380.201381,,0.360982995,,,,,,
,5-Jun-24,101,45448101,45,29.3,0.068349275,,0.022459572,,1.987978246,,1624.02815,,0.371158554,,,,,,
,5-Jun-24,101,45448101,60,28.2,0.068349275,,0.022459572,,1.935394281,,1962.766323,,0.461378011,,,,,,
,5-Jun-24,102,45448102,0,26.9,0.068349275,,0.021823924,,2.001567361,,427.7632986,,0.324611599,,,,,,
,5-Jun-24,102,45448102,15,31.2,0.068349275,,0.021823924,,1.96788999,,890.3346561,,0.396472892,,,,,,
,5-Jun-24,102,45448102,30,31.3,0.068349275,,0.021823924,,1.939530099,,1380.022427,,0.417916302,,,,,,
,5-Jun-24,102,45448102,45,31.2,0.068349275,,0.021823924,,1.986205753,,1849.439083,,0.565164881,,,,,,
,5-Jun-24,102,45448102,60,29.9,0.068349275,,0.021823924,,2.057696312,,405.7854238,,0.325550586,,,,,,
,5-Jun-24,103,45448103,0,27.1,0.068349275,,0.022217243,,2.001567361,,427.7632986,,0.324611599,,,,,,
,5-Jun-24,103,45448103,15,31.4,0.068349275,,0.022217243,,1.94543841,,1066.595301,,0.421384807,,,,,,
,5-Jun-24,103,45448103,30,29.3,0.068349275,,0.022217243,,1.876311175,,1642.548681,,0.44482117,,,,,,
,5-Jun-24,103,45448103,45,30.6,0.068349275,,0.022217243,,1.947801734,,2064.027554,,0.475788596,,,,,,
,5-Jun-24,103,45448103,60,28.8,0.068349275,,0.022217243,,1.887536965,,2419.063331,,0.637907673,,,,,,
,5-Jun-24,104,45448104,0,27.42,0.068349275,,0.022391223,,1.965526666,,426.8387025,,0.369395557,,,,,,
,5-Jun-24,104,45448104,15,30.94,0.068349275,,0.022391223,,1.959618355,,773.8081548,,0.343908751,,,,,,
,5-Jun-24,104,45448104,30,30.66,0.068349275,,0.022391223,,1.902307742,,1186.591929,,0.371867585,,,,,,
,5-Jun-24,104,45448104,45,30.5,0.068349275,,0.022391223,,1.982660767,,1555.356041,,0.458350256,,,,,,
,5-Jun-24,104,45448104,60,29,0.068349275,,0.022391223,,1.961390848,,1891.984504,,0.377290717,,,,,,
,5-Jun-24,105,45448105,0,30.2,0.068349275,,0.021748739,,1.965526666,,426.8387025,,0.369395557,,,,,,
,5-Jun-24,105,45448105,15,31.3,0.068349275,,0.021748739,,1.948983396,,860.3878462,,0.328674157,,,,,,
,5-Jun-24,105,45448105,30,31.6,0.068349275,,0.021748739,,1.970844145,,1390.281853,,0.377788956,,,,,,
,5-Jun-24,105,45448105,45,30.7,0.068349275,,0.021748739,,1.977934118,,1866.67224,,0.601727907,,,,,,
,5-Jun-24,105,45448105,60,29.1,0.068349275,,0.021748739,,1.928304309,,2283.926822,,0.638118466,,,,,,
,5-Jun-24,106,45448106,0,27.4,0.068349275,,0.021639381,,1.965526666,,426.8387025,,0.369395557,,,,,,
,5-Jun-24,106,45448106,15,31.5,0.068349275,,0.021639381,,1.914715194,,885.794457,,0.351344,,,,,,
,5-Jun-24,106,45448106,30,31.6,0.068349275,,0.021639381,,1.972616639,,1330.814923,,0.396492055,,,,,,
,5-Jun-24,106,45448106,45,30.7,0.068349275,,0.021639381,,1.909397715,,1885.339464,,0.459155102,,,,,,
,5-Jun-24,106,45448106,60,29,0.068349275,,0.021639381,,2.002158192,,2239.285082,,0.491943015,,,,,,
,5-Jun-24,201,45448201,0,26.6,0.068349275,,0.032089985,,2.005112347,,424.5585596,,0.359756562,,,,,,
,5-Jun-24,201,45448201,15,28.9,0.068349275,,0.032089985,,1.989159908,,715.5701647,,0.345422629,,,,,,
,5-Jun-24,201,45448201,30,28.5,0.068349275,,0.032089985,,1.96257251,,1113.963961,,0.364240707,,,,,,
,5-Jun-24,201,45448201,45,27.7,0.068349275,,0.032089985,,1.946620072,,1432.183283,,0.434913893,,,,,,
,5-Jun-24,201,45448201,60,26.8,0.068349275,,0.032089985,,1.960800017,,1714.441963,,0.484239484,,,,,,
,5-Jun-24,202,45448202,0,26.1,0.068349275,,0.032158334,,2.005112347,,424.5585596,,0.359756562,,,,,,
,5-Jun-24,202,45448202,15,29.2,0.068349275,,0.032158334,,1.898762755,,729.4677148,,0.340919322,,,,,,
,5-Jun-24,202,45448202,30,28.4,0.068349275,,0.032158334,,1.965526666,,1105.161124,,0.388692709,,,,,,
,5-Jun-24,202,45448202,45,28.46666667,0.068349275,,0.032158334,,1.977934118,,1508.064685,,0.413489646,,,,,,
,5-Jun-24,202,45448202,60,28,0.068349275,,0.032158334,,1.970253314,,1297.336509,,0.473105774,,,,,,
,5-Jun-24,203,45448203,0,26.1,0.068349275,,0.031406492,,2.005112347,,424.5585596,,0.359756562,,,,,,
,5-Jun-24,203,45448203,15,31.2,0.068349275,,0.031406492,,1.951937551,,707.2877557,,0.391030597,,,,,,
,5-Jun-24,203,45448203,30,30.3,0.068349275,,0.031406492,,7.53233697,,1093.4725,,0.456644748,,,,,,
,5-Jun-24,203,45448203,45,29,0.068349275,,0.031406492,,1.966117497,,1323.703628,,0.351631445,,,,,,
,5-Jun-24,203,45448203,60,28,0.068349275,,0.031406492,,2.01220232,,1233.535116,,0.425370713,,,,,,
,5-Jun-24,204,45448204,0,28.2,0.068349275,,0.032465906,,1.927122647,,424.1775213,,0.36960635,,,,,,
,5-Jun-24,204,45448204,15,31.2,0.068349275,,0.032465906,,1.994477388,,950.4906201,,0.351267348,,,,,,
,5-Jun-24,204,45448204,30,30.1,0.068349275,,0.032465906,,1.930667633,,1344.328391,,0.46105224,,,,,,
,5-Jun-24,204,45448204,45,28.7,0.068349275,,0.032465906,,2.02342811,,1478.024746,,0.368993133,,,,,,
,5-Jun-24,204,45448204,60,28.1,0.068349275,,0.032465906,,2.004521516,,1617.611368,,0.572121054,,,,,,
,5-Jun-24,205,45448205,0,28.2,0.068349275,,0.031953286,,1.927122647,,424.1775213,,0.36960635,,,,,,
,5-Jun-24,205,45448205,15,26.5,0.068349275,,0.031953286,,1.955482538,,795.6113364,,0.420177537,,,,,,
,5-Jun-24,205,45448205,30,27.8,0.068349275,,0.031953286,,1.993295726,,1409.443331,,0.364662293,,,,,,
,5-Jun-24,205,45448205,45,28.46666667,0.068349275,,0.031953286,,1.955482538,,1320.126981,,0.458407745,,,,,,
,5-Jun-24,205,45448205,60,27.725,0.068349275,,0.031953286,,1.975570794,,1536.029,,0.386431474,,,,,,
,5-Jun-24,206,45448206,0,27.04,0.068349275,,0.0112913,,1.927122647,,424.1775213,,0.36960635,,,,,,
,5-Jun-24,206,45448206,15,29.4,0.068349275,,0.0112913,,1.94543841,,490.7472241,,0.389631697,,,,,,
,5-Jun-24,206,45448206,30,29.02,0.068349275,,0.0112913,,1.940711761,,488.264997,,0.370736967,,,,,,
,5-Jun-24,206,45448206,45,28.46666667,0.068349275,,0.0112913,,1.96257251,,501.2556029,,0.330245524,,,,,,
,5-Jun-24,206,45448206,60,27.725,0.068349275,,0.0112913,,1.957845862,,487.3397922,,0.326106314,,,,,,
,5-Jun-24,301,45448301,0,25.3,0.068349275,,0.021400158,,2.030518083,,448.4191045,,0.33168275,,,,,,
,5-Jun-24,301,45448301,15,30,0.068349275,,0.021400158,,2.419875756,,809.1406306,,0.37297904,,,,,,
,5-Jun-24,301,45448301,30,29.8,0.068349275,,0.021400158,,1.952528382,,1132.892921,,0.435891206,,,,,,
,5-Jun-24,301,45448301,45,28.6,0.068349275,,0.021400158,,3.378203745,,1456.517995,,0.448404653,,,,,,
,5-Jun-24,301,45448301,60,29.2,0.068349275,,0.021400158,,1.987978246,,1601.880452,,0.442847379,,,,,,
,5-Jun-24,302,45448302,0,27.4,0.068349275,,0.021796584,,2.030518083,,448.4191045,,0.33168275,,,,,,
,5-Jun-24,302,45448302,15,31.1,0.068349275,,0.021796584,,2.001567361,,737.6131691,,0.347013159,,,,,,
,5-Jun-24,302,45448302,30,29.8,0.068349275,,0.021796584,,1.970844145,,1028.349039,,0.415003524,,,,,,
,5-Jun-24,302,45448302,45,28.5,0.068349275,,0.021796584,,1.987978246,,1206.647569,,0.355119113,,,,,,
,5-Jun-24,302,45448302,60,29.6,0.068349275,,0.021796584,,2.049424677,,1573.438926,,0.486922306,,,,,,
,5-Jun-24,303,45448303,0,26.5,0.068349275,,0.02266462,,2.030518083,,448.4191045,,0.33168275,,,,,,
,5-Jun-24,303,45448303,15,29.6,0.068349275,,0.02266462,,2.16168258,,813.1944884,,0.44119936,,,,,,
,5-Jun-24,303,45448303,30,28.6,0.068349275,,0.02266462,,1.967299159,,1077.296634,,0.349216906,,,,,,
,5-Jun-24,303,45448303,45,27.5,0.068349275,,0.02266462,,2.055332988,,1380.687114,,0.459825808,,,,,,
,5-Jun-24,303,45448303,60,28.7,0.068349275,,0.02266462,,1.960800017,,1837.519158,,0.491981341,,,,,,
,5-Jun-24,304,45448304,0,27.7,0.068349275,,0.022316038,,2.148093465,,454.716584,,0.373304811,,,,,,
,5-Jun-24,304,45448304,15,30.2,0.068349275,,0.022316038,,1.924168491,,687.5224595,,0.416881499,,,,,,
,5-Jun-24,304,45448304,30,29.1,0.068349275,,0.022316038,,2.037017225,,1182.433986,,0.349734307,,,,,,
,5-Jun-24,304,45448304,45,28.1,0.068349275,,0.022316038,,1.957845862,,1216.284308,,0.53747433,,,,,,
,5-Jun-24,304,45448304,60,29.3,0.068349275,,0.022316038,,1.963754173,,1598.967883,,0.37100525,,,,,,
,5-Jun-24,305,45448305,0,28.4,0.068349275,,0.021858098,,2.148093465,,454.716584,,0.373304811,,,,,,
,5-Jun-24,305,45448305,15,30.2,0.068349275,,0.021858098,,2.071285427,,807.792388,,0.344311175,,,,,,
,5-Jun-24,305,45448305,30,29,0.068349275,,0.021858098,,1.94012093,,1206.857566,,0.417820486,,,,,,
,5-Jun-24,305,45448305,45,28.4,0.068349275,,0.021858098,,1.982660767,,1260.498749,,0.427248688,,,,,,
,5-Jun-24,305,45448305,60,29.9,0.068349275,,0.021858098,,1.961390848,,1644.035095,,0.576854318,,,,,,
,5-Jun-24,306,45448306,0,26.2,0.068349275,,0.0235805,,2.148093465,,454.716584,,0.373304811,,,,,,
,5-Jun-24,306,45448306,15,28.4,0.068349275,,0.0235805,,1.997431543,,729.8980567,,0.345920868,,,,,,
,5-Jun-24,306,45448306,30,27.4,0.068349275,,0.0235805,,2.085465372,,1129.748442,,0.425332387,,,,,,
,5-Jun-24,306,45448306,45,27.2,0.068349275,,0.0235805,,1.914124363,,1152.573609,,0.432997592,,,,,,
,5-Jun-24,306,45448306,60,29.1,0.068349275,,0.0235805,,1.953710044,,1551.758699,,0.445740994,,,,,,
,12-Jun-24,101,45455101,0,31.4,0.068349275,,0.031252706,,2.081077065,,543.9814804,,0.327807747,,,,,,
,12-Jun-24,101,45455101,15,22.9,0.068349275,,0.031252706,,2.117348932,,632.7117743,,0.376134954,,,,,,
,12-Jun-24,101,45455101,30,23.8,0.068349275,,0.031252706,,2.127294444,,868.2838836,,0.376557193,,,,,,
,12-Jun-24,101,45455101,45,25.9,0.068349275,,0.031252706,,2.091022577,,1068.147347,,0.384982786,,,,,,
,12-Jun-24,101,45455101,60,23.7,0.068349275,,0.031252706,,2.071716583,,1314.837301,,0.400893531,,,,,,
,12-Jun-24,102,45455102,0,31.1,0.068349275,,0.029561062,,2.081077065,,543.9814804,,0.327807747,,,,,,
,12-Jun-24,102,45455102,15,34.1,0.068349275,,0.029561062,,2.057090829,,639.0433498,,0.337864719,,,,,,
,12-Jun-24,102,45455102,30,35.2,0.068349275,,0.029561062,,2.167076493,,900.4206783,,0.339035474,,,,,,
,12-Jun-24,102,45455102,45,31.64,0.068349275,,0.029561062,,2.143675288,,1145.148523,,0.359130226,,,,,,
,12-Jun-24,102,45455102,60,30.45,0.068349275,,0.029561062,,2.180532186,,1370.436394,,0.362450562,,,,,,
,12-Jun-24,103,45455103,0,31.3,0.068349275,,0.029808051,,2.081077065,,543.9814804,,0.327807747,,,,,,
,12-Jun-24,103,45455103,15,21,0.068349275,,0.029808051,,2.100383059,,746.4125202,,0.413541517,,,,,,
,12-Jun-24,103,45455103,30,23.7,0.068349275,,0.029808051,,2.184042367,,952.0595615,,0.359840355,,,,,,
,12-Jun-24,103,45455103,45,22.9,0.068349275,,0.029808051,,2.192232788,,1227.72836,,0.399646005,,,,,,
,12-Jun-24,103,45455103,60,23.5,0.068349275,,0.029808051,,2.239620229,,1518.099045,,0.36991652,,,,,,
,12-Jun-24,104,45455104,0,30.9,0.068349275,,0.030312904,,2.132559716,,448.7495228,,0.323067151,,,,,,
,12-Jun-24,104,45455104,15,33.9,0.068349275,,0.030312904,,2.137239957,,403.1432547,,0.360320173,,,,,,
,12-Jun-24,104,45455104,30,35.3,0.068349275,,0.030312904,,2.131389655,,730.7562819,,0.334045373,,,,,,
,12-Jun-24,104,45455104,45,38.4,0.068349275,,0.030312904,,2.145430378,,867.8873982,,0.341837607,,,,,,
,12-Jun-24,104,45455104,60,38.9,0.068349275,,0.030312904,,2.121444143,,958.1095918,,0.352662287,,,,,,
,12-Jun-24,105,45455105,0,29.3,0.068349275,,0.028057377,,2.132559716,,448.7495228,,0.323067151,,,,,,
,12-Jun-24,105,45455105,15,33.9,0.068349275,,0.028057377,,2.19808309,,616.2892684,,0.360243402,,,,,,
,12-Jun-24,105,45455105,30,33.9,0.068349275,,0.028057377,,2.150110619,,915.4215257,,0.414712271,,,,,,
,12-Jun-24,105,45455105,45,34.8,0.068349275,,0.028057377,,2.131389655,,1190.726927,,0.341933571,,,,,,
,12-Jun-24,105,45455105,60,35.7,0.068349275,,0.028057377,,2.074641733,,1320.115839,,0.332721077,,,,,,
,12-Jun-24,106,45455106,0,30.1,0.068349275,,0.029902808,,2.132559716,,448.7495228,,0.323067151,,,,,,
,12-Jun-24,106,45455106,15,33.3,0.068349275,,0.029902808,,2.087512396,,653.0561765,,0.338478885,,,,,,
,12-Jun-24,106,45455106,30,35.5,0.068349275,,0.029902808,,2.164151342,,841.769867,,0.341204248,,,,,,
,12-Jun-24,106,45455106,45,36.2,0.068349275,,0.029902808,,2.20042321,,1008.378482,,0.392084083,,,,,,
,12-Jun-24,106,45455106,60,30.45,0.068349275,,0.029902808,,2.147770499,,1244.885205,,0.356059394,,,,,,
,12-Jun-24,201,45455201,0,23.7,0.068349275,,0.031741403,,2.10623336,,500.6664682,,0.332394801,,,,,,
,12-Jun-24,201,45455201,15,31.5,0.068349275,,0.031741403,,2.157716011,,758.4191193,,0.40181478,,,,,,
,12-Jun-24,201,45455201,30,30.6,0.068349275,,0.031741403,,2.165321403,,1196.916859,,0.566334564,,,,,,
,12-Jun-24,201,45455201,45,32.4,0.068349275,,0.031741403,,2.148940559,,1500.005843,,0.549310643,,,,,,
,12-Jun-24,201,45455201,60,32.8,0.068349275,,0.031741403,,2.268871735,,417.366805,,0.336386882,,,,,,
,12-Jun-24,202,45455202,0,24.18,0.068349275,,0.032329207,,2.10623336,,500.6664682,,0.332394801,,,,,,
,12-Jun-24,202,45455202,15,31.9,0.068349275,,0.032329207,,2.127879475,,523.7015143,,0.353161297,,,,,,
,12-Jun-24,202,45455202,30,32.1,0.068349275,,0.032329207,,2.158301041,,1148.131742,,0.751409725,,,,,,
,12-Jun-24,202,45455202,45,34.52,0.068349275,,0.032329207,,2.156545951,,1519.188654,,0.942223502,,,,,,
,12-Jun-24,202,45455202,60,34.8,0.068349275,,0.032329207,,2.174096855,,1706.126577,,1.161365697,,,,,,
,12-Jun-24,203,45455203,0,26.8,0.068349275,,0.031734568,,2.10623336,,500.6664682,,0.332394801,,,,,,
,12-Jun-24,203,45455203,15,31.3,0.068349275,,0.031734568,,2.149525589,,750.2682389,,0.446303448,,,,,,
,12-Jun-24,203,45455203,30,28.2,0.068349275,,0.031734568,,2.332640019,,398.120139,,0.327942096,,,,,,
,12-Jun-24,203,45455203,45,31.5,0.068349275,,0.031734568,,2.167661523,,1531.825682,,0.812442496,,,,,,
,12-Jun-24,203,45455203,60,30.8,0.068349275,,0.031734568,,2.164151342,,1619.947025,,0.868485166,,,,,,
,12-Jun-24,204,45455204,0,23.3,0.068349275,,0.032378916,,2.027254293,,629.777318,,0.333335243,,,,,,
,12-Jun-24,204,45455204,15,32.5,0.068349275,,0.032378916,,2.098627968,,671.184208,,0.439355692,,,,,,
,12-Jun-24,204,45455204,30,34.7,0.068349275,,0.032378916,,2.220899265,,416.0554426,,0.34556099,,,,,,
,12-Jun-24,204,45455204,45,38.4,0.068349275,,0.032378916,,2.15128068,,1273.478013,,0.673679309,,,,,,
,12-Jun-24,204,45455204,60,38.6,0.068349275,,0.032378916,,2.177022005,,1573.152462,,0.769796327,,,,,,
,12-Jun-24,205,45455205,0,24.1,0.068349275,,0.031953286,,2.027254293,,629.777318,,0.333335243,,,,,,
,12-Jun-24,205,45455205,15,32.1,0.068349275,,0.031953286,,2.138410017,,719.3005827,,0.391393146,,,,,,
,12-Jun-24,205,45455205,30,33.9,0.068349275,,0.031953286,,2.130219595,,1011.383179,,0.441716393,,,,,,
,12-Jun-24,205,45455205,45,36.8,0.068349275,,0.031953286,,2.135484866,,1421.331069,,0.606485683,,,,,,
,12-Jun-24,205,45455205,60,37.3,0.068349275,,0.031953286,,2.140165107,,1772.758761,,0.579328019,,,,,,
,12-Jun-24,206,45455206,0,23,0.068349275,,0.032534255,,2.027254293,,629.777318,,0.333335243,,,,,,
,12-Jun-24,206,45455206,15,32.1,0.068349275,,0.032534255,,2.098042938,,643.8928943,,0.481349309,,,,,,
,12-Jun-24,206,45455206,30,33.1,0.068349275,,0.032534255,,2.136654927,,854.9252868,,0.666443663,,,,,,
,12-Jun-24,206,45455206,45,33.5,0.068349275,,0.032534255,,2.109158511,,1110.126035,,0.796339825,,,,,,
,12-Jun-24,206,45455206,60,34.5,0.068349275,,0.032534255,,2.143090258,,1285.34529,,0.934757543,,,,,,
,12-Jun-24,301,45455301,0,26.1,0.068349275,,0.023392539,,2.023744112,,473.5702043,,0.334909044,,,,,,
,12-Jun-24,301,45455301,15,32.3,0.068349275,,0.023392539,,2.119104023,,592.8403218,,0.387093983,,,,,,
,12-Jun-24,301,45455301,30,34.5,0.068349275,,0.023392539,,2.158301041,,753.1626403,,0.347518645,,,,,,
,12-Jun-24,301,45455301,45,36.5,0.068349275,,0.023392539,,2.071131552,,846.2583369,,0.43521007,,,,,,
,12-Jun-24,301,45455301,60,38.4,0.068349275,,0.023392539,,2.220314235,,985.7004464,,0.408973655,,,,,,
,12-Jun-24,302,45455302,0,26.8,0.068349275,,0.022281864,,2.023744112,,473.5702043,,0.334909044,,,,,,
,12-Jun-24,302,45455302,15,33.1,0.068349275,,0.022281864,,2.252490891,,418.3316054,,0.336310111,,,,,,
,12-Jun-24,302,45455302,30,35,0.068349275,,0.022281864,,2.186382487,,748.6619797,,0.376768313,,,,,,
,12-Jun-24,302,45455302,45,36.6,0.068349275,,0.022281864,,2.136654927,,872.8745226,,0.353238068,,,,,,
,12-Jun-24,302,45455302,60,38.6,0.068349275,,0.022281864,,2.184627397,,989.123108,,0.36941751,,,,,,
,12-Jun-24,303,45455303,0,25.3,0.068349275,,0.023734286,,2.023744112,,473.5702043,,0.334909044,,,,,,
,12-Jun-24,303,45455303,15,31.4,0.068349275,,0.023734286,,2.073471673,,609.4398819,,0.346654974,,,,,,
,12-Jun-24,303,45455303,30,34.3,0.068349275,,0.023734286,,2.117933962,,667.9327957,,0.372507534,,,,,,
,12-Jun-24,303,45455303,45,34.6,0.068349275,,0.023734286,,2.113838752,,828.8425859,,0.37703701,,,,,,
,12-Jun-24,303,45455303,60,37.1,0.068349275,,0.023734286,,2.143090258,,975.7534815,,0.417245707,,,,,,
,12-Jun-24,304,45455304,0,29.4,0.068349275,,0.023221666,,2.149525589,,440.908052,,0.328249179,,,,,,
,12-Jun-24,304,45455304,15,32.1,0.068349275,,0.023221666,,2.064696221,,566.0824928,,0.382410965,,,,,,
,12-Jun-24,304,45455304,30,34.9,0.068349275,,0.023221666,,2.10681839,,401.4545636,,0.325389467,,,,,,
,12-Jun-24,304,45455304,45,36,0.068349275,,0.023221666,,2.038954895,,762.5029768,,0.405672512,,,,,,
,12-Jun-24,304,45455304,60,39.5,0.068349275,,0.023221666,,2.109743541,,837.4398751,,0.384349427,,,,,,
,12-Jun-24,305,45455305,0,29.4,0.068349275,,0.021940117,,2.149525589,,440.908052,,0.328249179,,,,,,
,12-Jun-24,305,45455305,15,34.8,0.068349275,,0.021940117,,2.081662095,,417.3226865,,0.321013533,,,,,,
,12-Jun-24,305,45455305,30,38.5,0.068349275,,0.021940117,,2.34024541,,761.0232678,,0.345656953,,,,,,
,12-Jun-24,305,45455305,45,39.2,0.068349275,,0.021940117,,2.343170561,,873.7998486,,0.387401066,,,,,,
,12-Jun-24,305,45455305,60,42.8,0.068349275,,0.021940117,,2.423904718,,1044.270567,,0.407841286,,,,,,
,12-Jun-24,306,45455306,0,28.7,0.068349275,,0.023990596,,2.149525589,,440.908052,,0.328249179,,,,,,
,12-Jun-24,306,45455306,15,33.1,0.068349275,,0.023990596,,2.260681313,,672.4276512,,0.360339365,,,,,,
,12-Jun-24,306,45455306,30,36.3,0.068349275,,0.023990596,,2.294613061,,776.8397256,,0.364024363,,,,,,
,12-Jun-24,306,45455306,45,37.3,0.068349275,,0.023990596,,2.365986736,,409.7139985,,0.345234714,,,,,,
,12-Jun-24,306,45455306,60,40.9,0.068349275,,0.023990596,,2.453156225,,1093.330844,,0.381892762,,,,,,
,20-Jun-24,101,45463101,0,27.7,0.068349275,,0.047625775,,1.984547094,,433.1739748,,0.328268371,,,,,,
,20-Jun-24,101,45463101,15,30.5,0.068349275,,0.047625775,,2.196327999,,711.2536129,,0.35638567,,,,,,
,20-Jun-24,101,45463101,30,32.8,0.068349275,,0.047625775,,2.402843634,,955.629091,,0.368899307,,,,,,
,20-Jun-24,101,45463101,45,32.9,0.068349275,,0.047625775,,2.66376707,,1241.293036,,0.41776391,,,,,,
,20-Jun-24,101,45463101,60,33.88,0.068349275,,0.047625775,,2.553781406,,1105.651497,,0.384483776,,,,,,
,20-Jun-24,102,45463102,0,30.1,0.068349275,,0.046463837,,1.984547094,,433.1739748,,0.328268371,,,,,,
,20-Jun-24,102,45463102,15,32.8,0.068349275,,0.046463837,,2.698283848,,787.1953666,,0.35126122,,,,,,
,20-Jun-24,102,45463102,30,31.6,0.068349275,,0.046463837,,2.687168275,,1150.301672,,0.43279179,,,,,,
,20-Jun-24,102,45463102,45,32.4,0.068349275,,0.046463837,,2.780188065,,1270.199897,,0.39056786,,,,,,
,20-Jun-24,102,45463102,60,34.1,0.068349275,,0.046463837,,3.230661262,,1733.532251,,0.357364498,,,,,,
,20-Jun-24,103,45463103,0,28.4,0.068349275,,0.046463837,,1.984547094,,433.1739748,,0.328268371,,,,,,
,20-Jun-24,103,45463103,15,33.6,0.068349275,,0.046463837,,3.455312831,,830.1191179,,0.346194349,,,,,,
,20-Jun-24,103,45463103,30,34.7,0.068349275,,0.046463837,,4.05789386,,1116.054739,,0.359283767,,,,,,
,20-Jun-24,103,45463103,45,34.8,0.068349275,,0.046463837,,5.336769716,,1461.922348,,0.357460461,,,,,,
,20-Jun-24,103,45463103,60,34.8,0.068349275,,0.046463837,,5.649760833,,1691.33297,,0.431390723,,,,,,
,20-Jun-24,104,45463104,0,34.4,0.068349275,,0.047420727,,2.001512967,,470.0256366,,0.342874013,,,,,,
,20-Jun-24,104,45463104,15,26.9,0.068349275,,0.047420727,,2.273551976,,689.6762166,,0.362028323,,,,,,
,20-Jun-24,104,45463104,30,28.5,0.068349275,,0.047420727,,2.270626825,,839.6457967,,0.393561921,,,,,,
,20-Jun-24,104,45463104,45,29.4,0.068349275,,0.047420727,,2.722270083,,1284.04728,,0.425824842,,,,,,
,20-Jun-24,104,45463104,60,30.5,0.068349275,,0.047420727,,2.504053846,,1125.444419,,0.410585842,,,,,,
,20-Jun-24,105,45463105,0,26.9,0.068349275,,0.044960153,,2.001512967,,470.0256366,,0.342874013,,,,,,
,20-Jun-24,105,45463105,15,30.6,0.068349275,,0.044960153,,2.194572909,,762.2121434,,0.405672512,,,,,,
,20-Jun-24,105,45463105,30,32.5,0.068349275,,0.044960153,,2.10447827,,813.2101483,,0.399876318,,,,,,
,20-Jun-24,105,45463105,45,34.1,0.068349275,,0.044960153,,2.284082518,,1455.789886,,0.419913492,,,,,,
,20-Jun-24,105,45463105,60,35,0.068349275,,0.044960153,,2.38295261,,1662.268212,,0.640898185,,,,,,
,20-Jun-24,106,45463106,0,29.9,0.068349275,,0.047420727,,2.001512967,,470.0256366,,0.342874013,,,,,,
,20-Jun-24,106,45463106,15,31.5,0.068349275,,0.047420727,,2.424489749,,747.4405958,,0.362815223,,,,,,
,20-Jun-24,106,45463106,30,33.1,0.068349275,,0.047420727,,3.060417496,,976.1528694,,0.34976419,,,,,,
,20-Jun-24,106,45463106,45,33.8,0.068349275,,0.047420727,,3.113655237,,1296.765579,,0.348190389,,,,,,
,20-Jun-24,106,45463106,60,35,0.068349275,,0.047420727,,3.045791742,,1226.56909,,0.367747746,,,,,,
,20-Jun-24,201,45463201,0,30.2,0.068349275,,0.053107387,,1.925459051,,421.0878464,,0.331953369,,,,,,
,20-Jun-24,201,45463201,15,29.5,0.068349275,,0.053107387,,1.992737516,,686.5345198,,0.454345187,,,,,,
,20-Jun-24,201,45463201,30,30.9,0.068349275,,0.053107387,,2.038954895,,953.3024242,,0.514475901,,,,,,
,20-Jun-24,201,45463201,45,35.1,0.068349275,,0.053107387,,2.069376462,,1186.109004,,0.502307733,,,,,,
,20-Jun-24,201,45463201,60,31.3,0.068349275,,0.053107387,,2.122614203,,1565.440444,,0.696192341,,,,,,
,20-Jun-24,202,45463202,0,27.9,0.068349275,,0.053080047,,1.925459051,,421.0878464,,0.331953369,,,,,,
,20-Jun-24,202,45463202,15,30.9,0.068349275,,0.053080047,,2.01204351,,816.9491854,,0.514245589,,,,,,
,20-Jun-24,202,45463202,30,33.4,0.068349275,,0.053080047,,2.031934534,,1136.47751,,0.780601814,,,,,,
,20-Jun-24,202,45463202,45,34.4,0.068349275,,0.053080047,,1.937744684,,1537.102479,,0.952625943,,,,,,
,20-Jun-24,202,45463202,60,34.5,0.068349275,,0.053080047,,1.978696792,,1883.399662,,1.125590513,,,,,,
,20-Jun-24,203,45463203,0,30.3,0.068349275,,0.052164167,,1.925459051,,421.0878464,,0.331953369,,,,,,
,20-Jun-24,203,45463203,15,32.4,0.068349275,,0.052164167,,1.986302184,,703.5903573,,0.399780354,,,,,,
,20-Jun-24,203,45463203,30,34.1,0.068349275,,0.052164167,,2.94165638,,1052.473113,,0.495686253,,,,,,
,20-Jun-24,203,45463203,45,32.2,0.068349275,,0.052164167,,1.952955467,,1245.310716,,0.479238113,,,,,,
,20-Jun-24,203,45463203,60,30.2,0.068349275,,0.052164167,,1.989812365,,1613.636929,,0.507796843,,,,,,
,20-Jun-24,204,45463204,0,27.8,0.068349275,,0.053189406,,1.951200377,,409.8550614,,0.339361749,,,,,,
,20-Jun-24,204,45463204,15,29.5,0.068349275,,0.053189406,,2.068206402,,551.8676501,,0.381086669,,,,,,
,20-Jun-24,204,45463204,30,31.8,0.068349275,,0.053189406,,2.071131552,,884.9502018,,0.419280133,,,,,,
,20-Jun-24,204,45463204,45,32.2,0.068349275,,0.053189406,,2.01145848,,1153.537992,,0.482539256,,,,,,
,20-Jun-24,204,45463204,60,31.8,0.068349275,,0.053189406,,1.941254864,,1387.487007,,0.501866301,,,,,,
,20-Jun-24,205,45463205,0,27.2,0.068349275,,0.052560593,,1.951200377,,409.8550614,,0.339361749,,,,,,
,20-Jun-24,205,45463205,15,28.5,0.068349275,,0.052560593,,1.964656069,,608.7821689,,0.391316376,,,,,,
,20-Jun-24,205,45463205,30,30.9,0.068349275,,0.052560593,,1.982206973,,851.7429546,,0.475572308,,,,,,
,20-Jun-24,205,45463205,45,31.7,0.068349275,,0.052560593,,2.002683028,,1207.03159,,0.485264619,,,,,,
,20-Jun-24,205,45463205,60,30.7,0.068349275,,0.052560593,,1.999172847,,1398.113164,,0.659438329,,,,,,
,20-Jun-24,206,45463206,0,27.4,0.068349275,,0.053189406,,1.951200377,,409.8550614,,0.339361749,,,,,,
,20-Jun-24,206,45463206,15,30,0.068349275,,0.053189406,,1.954125527,,650.5988959,,0.457243284,,,,,,
,20-Jun-24,206,45463206,30,32.4,0.068349275,,0.053189406,,1.975771642,,843.2362243,,0.411871752,,,,,,
,20-Jun-24,206,45463206,45,32.5,0.068349275,,0.053189406,,1.964656069,,1166.213333,,0.484650453,,,,,,
,20-Jun-24,206,45463206,60,32.2,0.068349275,,0.053189406,,2.127879475,,1301.842681,,0.545644839,,,,,,
,20-Jun-24,301,45463301,0,29,0.068349275,,0.043969089,,1.900887786,,394.1680563,,0.339572869,,,,,,
,20-Jun-24,301,45463301,15,32.1,0.068349275,,0.043969089,,2.351360983,,595.1698911,,0.359111033,,,,,,
,20-Jun-24,301,45463301,30,31.9,0.068349275,,0.043969089,,2.128464505,,795.9987353,,0.367498241,,,,,,
,20-Jun-24,301,45463301,45,32.5,0.068349275,,0.043969089,,2.189892668,,1058.231149,,0.41855081,,,,,,
,20-Jun-24,301,45463301,60,32.2,0.068349275,,0.043969089,,2.174681885,,1034.307929,,0.349226795,,,,,,
,20-Jun-24,302,45463302,0,28.2,0.068349275,,0.04243123,,1.900887786,,394.1680563,,0.339572869,,,,,,
,20-Jun-24,302,45463302,15,36.4,0.068349275,,0.04243123,,2.044220167,,635.7251793,,0.342816435,,,,,,
,20-Jun-24,302,45463302,30,33.3,0.068349275,,0.04243123,,2.122029173,,746.8629926,,0.370895348,,,,,,
,20-Jun-24,302,45463302,45,37.2,0.068349275,,0.04243123,,2.24605556,,889.9918937,,0.411622247,,,,,,
,20-Jun-24,302,45463302,60,45.1,0.068349275,,0.04243123,,2.144260318,,457.199944,,0.323546968,,,,,,
,20-Jun-24,303,45463303,0,29.5,0.068349275,,0.043712779,,1.900887786,,394.1680563,,0.339572869,,,,,,
,20-Jun-24,303,45463303,15,33.4,0.068349275,,0.043712779,,1.9225339,,616.1725868,,0.399991474,,,,,,
,20-Jun-24,303,45463303,30,33.3,0.068349275,,0.043712779,,2.099212998,,641.25914,,0.387708149,,,,,,
,20-Jun-24,303,45463303,45,33.1,0.068349275,,0.043712779,,2.119104023,,851.8520897,,0.401047072,,,,,,
,20-Jun-24,303,45463303,60,33.6,0.068349275,,0.043712779,,2.158301041,,1122.767127,,0.435459575,,,,,,
,20-Jun-24,304,45463304,0,36,0.068349275,,0.042772976,,1.940084804,,424.3009454,,0.326310717,,,,,,
,20-Jun-24,304,45463304,15,38.8,0.068349275,,0.042772976,,2.000342907,,599.3454685,,0.358669601,,,,,,
,20-Jun-24,304,45463304,30,39.8,0.068349275,,0.042772976,,2.071716583,,663.6074478,,0.372757039,,,,,,
,20-Jun-24,304,45463304,45,37.2,0.068349275,,0.042772976,,2.171171704,,934.9479954,,0.342048727,,,,,,
,20-Jun-24,304,45463304,60,40.2,0.068349275,,0.042772976,,2.148355529,,1023.029864,,0.354850254,,,,,,
,20-Jun-24,305,45463305,0,34.5,0.068349275,,0.041149681,,1.940084804,,424.3009454,,0.326310717,,,,,,
,20-Jun-24,305,45463305,15,35.3,0.068349275,,0.041149681,,3.158702557,,579.1560613,,0.324756108,,,,,,
,20-Jun-24,305,45463305,30,35.6,0.068349275,,0.041149681,,4.672760523,,856.1577004,,0.399780354,,,,,,
,20-Jun-24,305,45463305,45,35.2,0.068349275,,0.041149681,,7.30422603,,1214.39008,,0.406708917,,,,,,
,20-Jun-24,305,45463305,60,35.2,0.068349275,,0.041149681,,8.910718756,,1452.820019,,0.464440545,,,,,,
,20-Jun-24,306,45463306,0,34,0.068349275,,0.044908891,,1.940084804,,424.3009454,,0.326310717,,,,,,
,20-Jun-24,306,45463306,15,36.6,0.068349275,,0.044908891,,3.093764213,,601.5972501,,0.364273868,,,,,,
,20-Jun-24,306,45463306,30,36.6,0.068349275,,0.044908891,,2.346680742,,436.1136555,,0.356923066,,,,,,
,20-Jun-24,306,45463306,45,37.2,0.068349275,,0.044908891,,5.253110408,,982.6516306,,0.354197703,,,,,,
,20-Jun-24,306,45463306,60,36.8,0.068349275,,0.044908891,,6.923956448,,1240.646353,,0.446284255,,,,,,
,26-Jun-24,101,45469101,0,26.2,0.068349275,,0.047899172,,2.115225653,,439.0876732,,0.352450223,,,,,,
,26-Jun-24,101,45469101,15,27.1,0.068349275,,0.047899172,,2.832025302,,813.8045039,,0.389279691,,,,,,
,26-Jun-24,101,45469101,30,29.8,0.068349275,,0.047899172,,3.334180453,,1028.840627,,0.372231421,,,,,,
,26-Jun-24,101,45469101,45,30.7,0.068349275,,0.047899172,,3.782109626,,1258.940906,,0.380541756,,,,,,
,26-Jun-24,101,45469101,60,31.2,0.068349275,,0.047899172,,4.337925902,,1359.078874,,0.405231071,,,,,,
,26-Jun-24,102,45469102,0,26.3,0.068349275,,0.046105004,,2.115225653,,439.0876732,,0.352450223,,,,,,
,26-Jun-24,102,45469102,15,29.1,0.068349275,,0.046105004,,2.820163369,,639.8251081,,0.349159554,,,,,,
,26-Jun-24,102,45469102,30,32.8,0.068349275,,0.046105004,,4.22439026,,1094.842127,,0.393611476,,,,,,
,26-Jun-24,102,45469102,45,32.3,0.068349275,,0.046105004,,4.523197994,,1233.987259,,0.419081628,,,,,,
,26-Jun-24,102,45469102,60,31.2,0.068349275,,0.046105004,,5.474412027,,1484.885479,,0.472364442,,,,,,
,26-Jun-24,103,45469103,0,26.1,0.068349275,,0.046873933,,2.115225653,,439.0876732,,0.352450223,,,,,,
,26-Jun-24,103,45469103,15,29.2,0.068349275,,0.046873933,,4.032339921,,756.9775062,,0.355852441,,,,,,
,26-Jun-24,103,45469103,30,30.8,0.068349275,,0.046873933,,5.910479267,,1134.57482,,0.417259675,,,,,,
,26-Jun-24,103,45469103,45,31.9,0.068349275,,0.046873933,,7.236756315,,1285.719468,,0.405007975,,,,,,
,26-Jun-24,103,45469103,60,29.4,0.068349275,,0.046873933,,8.370983024,,1474.807394,,0.431035867,,,,,,
,26-Jun-24,104,45469104,0,27.4,0.068349275,,0.046344226,,2.195999767,,429.2436656,,0.322462373,,,,,,
,26-Jun-24,104,45469104,15,29.6,0.068349275,,0.046344226,,2.46317568,,717.363516,,0.431147415,,,,,,
,26-Jun-24,104,45469104,30,31.2,0.068349275,,0.046344226,,2.67838503,,864.6780596,,0.396734823,,,,,,
,26-Jun-24,104,45469104,45,32.8,0.068349275,,0.046344226,,3.008824584,,1100.96031,,0.416516021,,,,,,
,26-Jun-24,104,45469104,60,31.7,0.068349275,,0.046344226,,3.109368586,,1150.201981,,0.414935756,,,,,,
,26-Jun-24,105,45469105,0,26.2,0.068349275,,0.044310835,,2.195999767,,429.2436656,,0.322462373,,,,,,
,26-Jun-24,105,45469105,15,28,0.068349275,,0.044310835,,2.318573071,,841.5820555,,0.388517446,,,,,,
,26-Jun-24,105,45469105,30,30.8,0.068349275,,0.044310835,,2.541125523,,1174.26924,,0.438602547,,,,,,
,26-Jun-24,105,45469105,45,29.5,0.068349275,,0.044310835,,2.682903862,,1312.704929,,0.429474193,,,,,,
,26-Jun-24,105,45469105,60,30.1,0.068349275,,0.044310835,,2.716230244,,1531.385338,,0.468683354,,,,,,
,26-Jun-24,106,45469106,0,26.6,0.068349275,,0.045250638,,2.195999767,,429.2436656,,0.322462373,,,,,,
,26-Jun-24,106,45469106,15,29.1,0.068349275,,0.045250638,,2.934263865,,788.0404614,,0.481269699,,,,,,
,26-Jun-24,106,45469106,30,31.5,0.068349275,,0.045250638,,3.413824858,,1011.481738,,0.53423646,,,,,,
,26-Jun-24,106,45469106,45,32.7,0.068349275,,0.045250638,,3.843113852,,1203.523365,,0.52996045,,,,,,
,26-Jun-24,106,45469106,60,33.7,0.068349275,,0.045250638,,4.187674754,,1321.71247,,0.617228255,,,,,,
,26-Jun-24,201,45469201,0,28.7,0.068349275,,0.052786145,,2.154200575,,436.1938777,,0.336666166,,,,,,
,26-Jun-24,201,45469201,15,28.7,0.068349275,,0.052786145,,2.113531092,,2116.696369,,0.78192904,,,,,,
,26-Jun-24,201,45469201,30,29.7,0.068349275,,0.052786145,,2.038405518,,4219.517155,,1.210218009,,,,,,
,26-Jun-24,201,45469201,45,28.2,0.068349275,,0.052786145,,1.99999545,,6926.068421,,1.799117667,,,,,,
,26-Jun-24,201,45469201,60,27.9,0.068349275,,0.052786145,,2.011857383,,8214.482434,,1.926951801,,,,,,
,26-Jun-24,202,45469202,0,27.3,0.068349275,,0.053230416,,2.154200575,,436.1938777,,0.336666166,,,,,,
,26-Jun-24,202,45469202,15,28.5,0.068349275,,0.053230416,,2.097150327,,2092.345665,,1.218305247,,,,,,
,26-Jun-24,202,45469202,30,30.6,0.068349275,,0.053230416,,2.179619002,,3588.276482,,1.850541346,,,,,,
,26-Jun-24,202,45469202,45,30.8,0.068349275,,0.053230416,,2.118614777,,5251.074514,,2.509865043,,,,,,
,26-Jun-24,202,45469202,60,29.6,0.068349275,,0.053230416,,2.083593833,,7187.753059,,3.218046814,,,,,,
,26-Jun-24,203,45469203,0,27.1,0.068349275,,0.052437564,,2.154200575,,436.1938777,,0.336666166,,,,,,
,26-Jun-24,203,45469203,15,27.8,0.068349275,,0.052437564,,2.119744485,,788.5857175,,0.391715158,,,,,,
,26-Jun-24,203,45469203,30,30,0.068349275,,0.052437564,,2.117485069,,1055.09002,,0.394262173,,,,,,
,26-Jun-24,203,45469203,45,29.7,0.068349275,,0.052437564,,2.151941159,,1363.275072,,0.468274345,,,,,,
,26-Jun-24,203,45469203,60,28.6,0.068349275,,0.052437564,,2.165497654,,1616.1513,,0.523174606,,,,,,
,26-Jun-24,204,45469204,0,26.7,0.068349275,,0.053326104,,2.147422328,,452.1760375,,0.354718368,,,,,,
,26-Jun-24,204,45469204,15,28.1,0.068349275,,0.053326104,,2.106752844,,647.4348416,,0.57617855,,,,,,
,26-Jun-24,204,45469204,30,30.3,0.068349275,,0.053326104,,2.150246598,,873.9058113,,0.817735983,,,,,,
,26-Jun-24,204,45469204,45,29.7,0.068349275,,0.053326104,,2.158719407,,947.5891534,,0.939806798,,,,,,
,26-Jun-24,204,45469204,60,28.6,0.068349275,,0.053326104,,2.186962104,,1188.080359,,1.265229819,,,,,,
,26-Jun-24,205,45469205,0,27.3,0.068349275,,0.052929679,,2.147422328,,452.1760375,,0.354718368,,,,,,
,26-Jun-24,205,45469205,15,28.38,0.068349275,,0.052929679,,2.198259182,,650.1971765,,0.410845659,,,,,,
,26-Jun-24,205,45469205,30,30.24,0.068349275,,0.052929679,,2.158719407,,811.7871119,,0.456227149,,,,,,
,26-Jun-24,205,45469205,45,29.6,0.068349275,,0.052929679,,2.172275901,,952.129256,,0.490714106,,,,,,
,26-Jun-24,205,45469205,60,28.675,0.068349275,,0.052929679,,2.110141968,,1120.598404,,0.605515703,,,,,,
,26-Jun-24,206,45469206,0,26.7,0.068349275,,0.053162066,,2.147422328,,452.1760375,,0.354718368,,,,,,
,26-Jun-24,206,45469206,15,28.8,0.068349275,,0.053162066,,2.171711047,,655.5693077,,0.500679071,,,,,,
,26-Jun-24,206,45469206,30,30.6,0.068349275,,0.053162066,,2.14629262,,835.6408167,,0.579599359,,,,,,
,26-Jun-24,206,45469206,45,29.6,0.068349275,,0.053162066,,2.193740351,,919.1731585,,0.686016256,,,,,,
,26-Jun-24,206,45469206,60,28.675,0.068349275,,0.053162066,,2.176229879,,1106.707964,,0.85331983,,,,,,
,26-Jun-24,301,45469301,0,31.1,0.068349275,,0.047899172,,2.107317698,,443.0364808,,0.318818468,,,,,,
,26-Jun-24,301,45469301,15,32.6,0.068349275,,0.047899172,,2.415727949,,715.1342341,,0.355387657,,,,,,
,26-Jun-24,301,45469301,30,34.6,0.068349275,,0.047899172,,2.565414243,,997.1769476,,0.385208185,,,,,,
,26-Jun-24,301,45469301,45,29.5,0.068349275,,0.047899172,,2.663133974,,1233.586221,,0.381136679,,,,,,
,26-Jun-24,301,45469301,60,29.4,0.068349275,,0.047899172,,2.751816042,,1340.206247,,0.448232867,,,,,,
,26-Jun-24,302,45469302,0,26.1,0.068349275,,0.049590817,,2.107317698,,443.0364808,,0.318818468,,,,,,
,26-Jun-24,302,45469302,15,28.9,0.068349275,,0.049590817,,2.687422693,,697.4530719,,0.32915526,,,,,,
,26-Jun-24,302,45469302,30,30.3,0.068349275,,0.049590817,,3.361293442,,1009.212518,,0.331051577,,,,,,
,26-Jun-24,302,45469302,45,29.5,0.068349275,,0.049590817,,3.828427649,,1206.039974,,0.352859233,,,,,,
,26-Jun-24,302,45469302,60,29.4,0.068349275,,0.049590817,,4.02217255,,1374.576238,,0.353212469,,,,,,
,26-Jun-24,303,45469303,0,29.5,0.068349275,,0.048633927,,2.107317698,,443.0364808,,0.318818468,,,,,,
,26-Jun-24,303,45469303,15,33,0.068349275,,0.048633927,,2.340602375,,683.045665,,0.321291118,,,,,,
,26-Jun-24,303,45469303,30,30.4,0.068349275,,0.048633927,,2.544514647,,916.4163704,,0.333821689,,,,,,
,26-Jun-24,303,45469303,45,28,0.068349275,,0.048633927,,2.563719681,,1030.60952,,0.406197821,,,,,,
,26-Jun-24,303,45469303,60,0,0.068349275,,0.048633927,,,,,,,,,,,,
,26-Jun-24,304,45469304,0,27.7,0.068349275,,0.049915476,,2.117485069,,438.4586595,,0.342410893,,,,,,
,26-Jun-24,304,45469304,15,31.5,0.068349275,,0.049915476,,2.510623411,,698.9729108,,0.371710864,,,,,,
,26-Jun-24,304,45469304,30,30.4,0.068349275,,0.049915476,,2.763677975,,1018.197318,,0.360184226,,,,,,
,26-Jun-24,304,45469304,45,29.4,0.068349275,,0.049915476,,2.983406157,,1154.304991,,0.349419833,,,,,,
,26-Jun-24,304,45469304,60,0,0.068349275,,0.049915476,,,,,,,,,,,,
,26-Jun-24,305,45469305,0,27.2,0.068349275,,0.050547706,,2.117485069,,438.4586595,,0.342410893,,,,,,
,26-Jun-24,305,45469305,15,31.4,0.068349275,,0.050547706,,4.516419747,,786.989332,,0.373272537,,,,,,
,26-Jun-24,305,45469305,30,31.6,0.068349275,,0.050547706,,7.939999469,,1314.806078,,0.428395895,,,,,,
,26-Jun-24,305,45469305,45,30.4,0.068349275,,0.050547706,,10.94445757,,1383.00968,,0.41636729,,,,,,
,26-Jun-24,305,45469305,60,0,0.068349275,,0.050547706,,,,,,,,,,,,
,26-Jun-24,306,45469306,0,27.8,0.068349275,,0.047301116,,2.117485069,,438.4586595,,0.342410893,,,,,,
,26-Jun-24,306,45469306,15,31.2,0.068349275,,0.047301116,,4.263930036,,770.7736495,,0.340124157,,,,,,
,26-Jun-24,306,45469306,30,30.7,0.068349275,,0.047301116,,6.601860488,,1109.187964,,0.403502075,,,,,,
,26-Jun-24,306,45469306,45,30.8,0.068349275,,0.047301116,,8.390188058,,1374.702152,,0.357432705,,,,,,
,26-Jun-24,306,45469306,60,0,0.068349275,,0.047301116,,,,,,,,,,,,
,5-Jul-24,101,45478101,0,24.8,0.068349275,,0.049693341,,2.580722916,,474.8870897,,0.327444855,,,,,,
,5-Jul-24,101,45478101,15,25.5,0.068349275,,0.049693341,,3.541062157,,702.045315,,0.333319722,,,,,,
,5-Jul-24,101,45478101,30,26,0.068349275,,0.049693341,,3.376939516,,584.0342635,,0.33947346,,,,,,
,5-Jul-24,101,45478101,45,26.2,0.068349275,,0.049693341,,6.442040744,,1178.348398,,0.396046943,,,,,,
,5-Jul-24,101,45478101,60,27.4,0.068349275,,0.049693341,,7.358576983,,1348.301885,,0.355629344,,,,,,
,5-Jul-24,102,45478102,0,26.4,0.068349275,,0.048240918,,2.580722916,,474.8870897,,0.327444855,,,,,,
,5-Jul-24,102,45478102,15,26,0.068349275,,0.048240918,,4.946639511,,810.8924038,,0.390804182,,,,,,
,5-Jul-24,102,45478102,30,27.5,0.068349275,,0.048240918,,7.351368894,,1069.912886,,0.343080182,,,,,,
,5-Jul-24,102,45478102,45,27.9,0.068349275,,0.048240918,,10.82455885,,1408.914613,,0.367732314,,,,,,
,5-Jul-24,102,45478102,60,28.4,0.068349275,,0.048240918,,3.238876888,,515.6126702,,0.352282901,,,,,,
,5-Jul-24,103,45478103,0,25.3,0.068349275,,0.048582665,,2.580722916,,474.8870897,,0.327444855,,,,,,
,5-Jul-24,103,45478103,15,26.1,0.068349275,,0.048582665,,7.217187545,,799.8391814,,0.366245006,,,,,,
,5-Jul-24,103,45478103,30,27.5,0.068349275,,0.048582665,,12.69311731,,1190.39118,,0.349847434,,,,,,
,5-Jul-24,103,45478103,45,27.6,0.068349275,,0.048582665,,15.71275213,,1424.705961,,0.413690136,,,,,,
,5-Jul-24,103,45478103,60,28,0.068349275,,0.048582665,,2.304043192,,420.9167236,,0.322592512,,,,,,
,5-Jul-24,104,45478104,0,25.7,0.068349275,,0.048668101,,2.197585262,,487.9338526,,0.336945036,,,,,,
,5-Jul-24,104,45478104,15,26.24,0.068349275,,0.048668101,,3.380820794,,680.2833301,,0.332761982,,,,,,
,5-Jul-24,104,45478104,30,27.46,0.068349275,,0.048668101,,4.565165263,,929.8785929,,0.349773069,,,,,,
,5-Jul-24,104,45478104,45,27.82,0.068349275,,0.048668101,,5.532158125,,1157.999198,,0.395898212,,,,,,
,5-Jul-24,104,45478104,60,28.82,0.068349275,,0.048668101,,6.471982036,,1371.562076,,0.375800961,,,,,,
,5-Jul-24,105,45478105,0,26.1,0.068349275,,0.047301116,,2.197585262,,487.9338526,,0.336945036,,,,,,
,5-Jul-24,105,45478105,15,26.9,0.068349275,,0.047301116,,3.490605534,,863.0317524,,0.367304713,,,,,,
,5-Jul-24,105,45478105,30,28.7,0.068349275,,0.047301116,,4.330625136,,1126.317768,,0.358845648,,,,,,
,5-Jul-24,105,45478105,45,29,0.068349275,,0.047301116,,6.120449081,,1672.249441,,0.417575728,,,,,,
,5-Jul-24,105,45478105,60,29.8,0.068349275,,0.047301116,,6.025080519,,1621.089113,,0.433155281,,,,,,
,5-Jul-24,106,45478106,0,25.9,0.068349275,,0.047728299,,2.197585262,,487.9338526,,0.336945036,,,,,,
,5-Jul-24,106,45478106,15,26.7,0.068349275,,0.047728299,,4.85459776,,746.559399,,0.362154909,,,,,,
,5-Jul-24,106,45478106,30,27.6,0.068349275,,0.047728299,,6.956587404,,1038.109981,,0.423859605,,,,,,
,5-Jul-24,106,45478106,45,28.4,0.068349275,,0.047728299,,8.093247592,,1190.368993,,0.352431632,,,,,,
,5-Jul-24,106,45478106,60,30.5,0.068349275,,0.047728299,,11.74885765,,1604.915586,,0.345887476,,,,,,
,5-Jul-24,201,45478201,0,24.6,0.068349275,,0.052683621,,2.299052977,,432.0115474,,0.345831702,,,,,,
,5-Jul-24,201,45478201,15,25.4,0.068349275,,0.052683621,,2.146574171,,702.1623537,,0.637585785,,,,,,
,5-Jul-24,201,45478201,30,25.6,0.068349275,,0.052683621,,2.755380457,,1047.288365,,0.926551165,,,,,,
,5-Jul-24,201,45478201,45,26.1,0.068349275,,0.052683621,,2.146574171,,1157.386825,,1.124251599,,,,,,
,5-Jul-24,201,45478201,60,26.6,0.068349275,,0.052683621,,2.086137117,,1274.569176,,1.224589124,,,,,,
,5-Jul-24,202,45478202,0,25,0.068349275,,0.053025368,,2.299052977,,432.0115474,,0.345831702,,,,,,
,5-Jul-24,202,45478202,15,26.1,0.068349275,,0.053025368,,2.112751599,,687.3339403,,0.772317311,,,,,,
,5-Jul-24,202,45478202,30,26.5,0.068349275,,0.053025368,,2.114969473,,877.3060348,,1.087329174,,,,,,
,5-Jul-24,202,45478202,45,27.2,0.068349275,,0.053025368,,2.102771169,,1119.736977,,1.438519809,,,,,,
,5-Jul-24,202,45478202,60,27.9,0.068349275,,0.053025368,,2.146019703,,1247.500513,,1.677325722,,,,,,
,5-Jul-24,203,45478203,0,26.1,0.068349275,,0.052256438,,2.299052977,,432.0115474,,0.345831702,,,,,,
,5-Jul-24,203,45478203,15,25.3,0.068349275,,0.052256438,,2.108870321,,691.2278341,,0.419899647,,,,,,
,5-Jul-24,203,45478203,30,26.4,0.068349275,,0.052256438,,2.138811614,,842.1533818,,0.540185693,,,,,,
,5-Jul-24,203,45478203,45,26.6,0.068349275,,0.052256438,,3.598172401,,1159.98109,,0.61689361,,,,,,
,5-Jul-24,203,45478203,60,26.5,0.068349275,,0.052256438,,2.293508293,,1385.288329,,0.857781755,,,,,,
,5-Jul-24,204,45478204,0,25.1,0.068349275,,0.053367114,,2.075047749,,462.9197452,,0.312590365,,,,,,
,5-Jul-24,204,45478204,15,25.8,0.068349275,,0.053367114,,2.345628321,,465.7608455,,0.357209609,,,,,,
,5-Jul-24,204,45478204,30,26.1,0.068349275,,0.053367114,,2.131603525,,928.397582,,0.649093831,,,,,,
,5-Jul-24,204,45478204,45,26.6,0.068349275,,0.053367114,,2.179287806,,1169.589911,,0.81191689,,,,,,
,5-Jul-24,204,45478204,60,27.8,0.068349275,,0.053367114,,2.126613309,,1300.570624,,0.808626221,,,,,,
,5-Jul-24,205,45478205,0,25.16,0.068349275,,0.052854494,,2.075047749,,462.9197452,,0.312590365,,,,,,
,5-Jul-24,205,45478205,15,25.62,0.068349275,,0.052854494,,2.13992055,,660.4167062,,0.341146681,,,,,,
,5-Jul-24,205,45478205,30,26.12,0.068349275,,0.052854494,,2.112197131,,900.5434838,,0.390469538,,,,,,
,5-Jul-24,205,45478205,45,26.56,0.068349275,,0.052854494,,2.148792044,,1037.821544,,0.405900359,,,,,,
,5-Jul-24,205,45478205,60,27.12,0.068349275,,0.052854494,,2.745400026,,1359.965262,,0.405844585,,,,,,
,5-Jul-24,206,45478206,0,25,0.068349275,,0.052939931,,2.075047749,,462.9197452,,0.312590365,,,,,,
,5-Jul-24,206,45478206,15,25.5,0.068349275,,0.052939931,,2.266339342,,668.8196402,,0.356782008,,,,,,
,5-Jul-24,206,45478206,30,26,0.068349275,,0.052939931,,2.156000133,,861.7715064,,0.432188531,,,,,,
,5-Jul-24,206,45478206,45,26.3,0.068349275,,0.052939931,,2.248041885,,1111.075005,,0.45102157,,,,,,
,5-Jul-24,206,45478206,60,26.8,0.068349275,,0.052939931,,2.331212143,,1326.696322,,0.54290003,,,,,,
,5-Jul-24,301,45478301,0,24.9,0.068349275,,0.046873933,,2.172634185,,463.0007293,,0.345552832,,,,,,
,5-Jul-24,301,45478301,15,25.5,0.068349275,,0.046873933,,2.453195187,,705.1132818,,0.357692984,,,,,,
,5-Jul-24,301,45478301,30,26,0.068349275,,0.046873933,,3.002673356,,1053.331666,,0.375577865,,,,,,
,5-Jul-24,301,45478301,45,26.5,0.068349275,,0.046873933,,3.650846897,,1487.51358,,0.396864963,,,,,,
,5-Jul-24,301,45478301,60,29.9,0.068349275,,0.046873933,,5.750618669,,1798.913035,,0.385803108,,,,,,
,5-Jul-24,302,45478302,0,24.9,0.068349275,,0.045506947,,2.172634185,,463.0007293,,0.345552832,,,,,,
,5-Jul-24,302,45478302,15,25.8,0.068349275,,0.045506947,,4.241910195,,749.1619844,,0.340403027,,,,,,
,5-Jul-24,302,45478302,30,26.1,0.068349275,,0.045506947,,2.543019066,,462.6179962,,0.350907141,,,,,,
,5-Jul-24,302,45478302,45,26.4,0.068349275,,0.045506947,,5.809392317,,1226.190597,,0.414935756,,,,,,
,5-Jul-24,302,45478302,60,27,0.068349275,,0.045506947,,2.309587876,,408.8084889,,0.337632916,,,,,,
,5-Jul-24,303,45478303,0,25.2,0.068349275,,0.046873933,,2.172634185,,463.0007293,,0.345552832,,,,,,
,5-Jul-24,303,45478303,15,26,0.068349275,,0.046873933,,2.378341956,,664.3289046,,0.345441284,,,,,,
,5-Jul-24,303,45478303,30,26.5,0.068349275,,0.046873933,,3.543280031,,912.5185938,,0.365371213,,,,,,
,5-Jul-24,303,45478303,45,27.2,0.068349275,,0.046873933,,3.69797671,,1154.773701,,0.343582148,,,,,,
,5-Jul-24,303,45478303,60,27.9,0.068349275,,0.046873933,,5.371916762,,1579.778339,,0.403371936,,,,,,
,5-Jul-24,304,45478304,0,25,0.068349275,,0.046873933,,2.345073852,,406.6895894,,0.325325441,,,,,,
,5-Jul-24,304,45478304,15,27.3,0.068349275,,0.046873933,,2.708250644,,703.6134116,,0.361355481,,,,,,
,5-Jul-24,304,45478304,30,26.8,0.068349275,,0.046873933,,3.226124115,,906.7964559,,0.391585019,,,,,,
,5-Jul-24,304,45478304,45,27.3,0.068349275,,0.046873933,,3.603162616,,1169.786824,,0.417203901,,,,,,
,5-Jul-24,304,45478304,60,30.2,0.068349275,,0.046873933,,5.167872397,,1415.078281,,0.402925743,,,,,,
,5-Jul-24,305,45478305,0,25.1,0.068349275,,0.046873933,,2.345073852,,406.6895894,,0.325325441,,,,,,
,5-Jul-24,305,45478305,15,26.7,0.068349275,,0.046873933,,4.89562842,,792.1933934,,0.390190667,,,,,,
,5-Jul-24,305,45478305,30,27.3,0.068349275,,0.046873933,,9.755543808,,1050.213223,,0.384761993,,,,,,
,5-Jul-24,305,45478305,45,28.7,0.068349275,,0.046873933,,11.76770957,,1523.201504,,0.391901072,,,,,,
,5-Jul-24,305,45478305,60,29.2,0.068349275,,0.046873933,,12.5722432,,1659.107272,,0.357692984,,,,,,
,5-Jul-24,306,45478306,0,25.3,0.068349275,,0.046873933,,2.345073852,,406.6895894,,0.325325441,,,,,,
,5-Jul-24,306,45478306,15,26.4,0.068349275,,0.046873933,,5.239398818,,791.1600139,,0.332557477,,,,,,
,5-Jul-24,306,45478306,30,26.9,0.068349275,,0.046873933,,9.898596651,,1203.39024,,0.39889142,,,,,,
,5-Jul-24,306,45478306,45,28.7,0.068349275,,0.046873933,,10.8184597,,1327.101242,,0.358343682,,,,,,
,5-Jul-24,306,45478306,60,28.6,0.068349275,,0.046873933,,14.17632024,,1660.203331,,0.366821338,,,,,,
,10-Jul-24,101,45483101,0,24.7,0.068349275,,0.048411792,,4.466783242,,512.1776881,,0.290829476,,,,,,
,10-Jul-24,101,45483101,15,27.1,0.068349275,,0.048411792,,3.838365084,,757.4119638,,0.290625956,,,,,,
,10-Jul-24,101,45483101,30,30.3,0.068349275,,0.048411792,,4.572199708,,827.2751898,,0.290659876,,,,,,
,10-Jul-24,101,45483101,45,29.9,0.068349275,,0.048411792,,6.443171951,,1023.34893,,0.290066277,,,,,,
,10-Jul-24,101,45483101,60,31,0.068349275,,0.048411792,,6.666926902,,1315.202803,,0.288929959,,,,,,
,10-Jul-24,102,45483102,0,26.3,0.068349275,,0.046361313,,4.466783242,,512.1776881,,0.290829476,,,,,,
,10-Jul-24,102,45483102,15,33.6,0.068349275,,0.046361313,,3.928139106,,733.5158965,,0.290337637,,,,,,
,10-Jul-24,102,45483102,30,35.7,0.068349275,,0.046361313,,6.307150705,,1052.647799,,0.283706285,,,,,,
,10-Jul-24,102,45483102,45,37.1,0.068349275,,0.046361313,,10.88630596,,1434.144514,,0.292288034,,,,,,
,10-Jul-24,102,45483102,60,38.4,0.068349275,,0.046361313,,10.77612875,,1662.822989,,0.295205151,,,,,,
,10-Jul-24,103,45483103,0,26.1,0.068349275,,0.046617623,,4.466783242,,512.1776881,,0.290829476,,,,,,
,10-Jul-24,103,45483103,15,26.9,0.068349275,,0.046617623,,7.104915315,,860.7719007,,0.284486444,,,,,,
,10-Jul-24,103,45483103,30,28.6,0.068349275,,0.046617623,,10.68159399,,1019.753899,,0.292796834,,,,,,
,10-Jul-24,103,45483103,45,29.3,0.068349275,,0.046617623,,14.62961066,,1350.430528,,0.285995882,,,,,,
,10-Jul-24,103,45483103,60,32.1,0.068349275,,0.046617623,,19.47060682,,1709.101148,,0.292372834,,,,,,
,10-Jul-24,104,45483104,0,27.3,0.068349275,,0.047386552,,2.095252812,,431.3871047,,0.290015397,,,,,,
,10-Jul-24,104,45483104,15,31.8,0.068349275,,0.047386552,,6.986576831,,730.2060599,,0.288760359,,,,,,
,10-Jul-24,104,45483104,30,32.7,0.068349275,,0.047386552,,4.615726507,,991.9994441,,0.290066277,,,,,,
,10-Jul-24,104,45483104,45,35,0.068349275,,0.047386552,,7.005619805,,1072.121708,,0.291592675,,,,,,
,10-Jul-24,104,45483104,60,35.6,0.068349275,,0.047386552,,8.340668338,,1217.322426,,0.278431731,,,,,,
,10-Jul-24,105,45483105,0,27.4,0.068349275,,0.045336074,,2.095252812,,431.3871047,,0.290015397,,,,,,
,10-Jul-24,105,45483105,15,28,0.068349275,,0.045336074,,3.473828143,,777.3914132,,0.285147883,,,,,,
,10-Jul-24,105,45483105,30,29.2,0.068349275,,0.045336074,,4.868726025,,1066.098229,,0.2877258,,,,,,
,10-Jul-24,105,45483105,45,30.5,0.068349275,,0.045336074,,5.956895996,,1357.961366,,0.280416049,,,,,,
,10-Jul-24,105,45483105,60,32.6,0.068349275,,0.045336074,,7.425925456,,1692.472561,,0.291338276,,,,,,
,10-Jul-24,106,45483106,0,28,0.068349275,,0.04670306,,2.095252812,,431.3871047,,0.290015397,,,,,,
,10-Jul-24,106,45483106,15,34.7,0.068349275,,0.04670306,,3.352769234,,724.3691809,,0.291524835,,,,,,
,10-Jul-24,106,45483106,30,40.3,0.068349275,,0.04670306,,5.563794594,,884.6103998,,0.280466929,,,,,,
,10-Jul-24,106,45483106,45,37.6,0.068349275,,0.04670306,,12.13634122,,1276.738029,,0.290168037,,,,,,
,10-Jul-24,106,45483106,60,39.3,0.068349275,,0.04670306,,12.64642089,,1547.230818,,0.290371557,,,,,,
,10-Jul-24,201,45483201,0,24.1,0.068349275,,0.052991193,,6.543827674,,527.4147147,,0.291270436,,,,,,
,10-Jul-24,201,45483201,15,27.6,0.068349275,,0.052991193,,1.940868697,,711.9060118,,1.448500692,,,,,,
,10-Jul-24,201,45483201,30,29.1,0.068349275,,0.052991193,,2.036763676,,897.968191,,2.377534429,,,,,,
,10-Jul-24,201,45483201,45,30.6,0.068349275,,0.052991193,,2.848810516,,1061.741579,,2.883942446,,,,,,
,10-Jul-24,201,45483201,60,30.9,0.068349275,,0.052991193,,2.082330793,,1204.73221,,3.268204693,,,,,,
,10-Jul-24,202,45483202,0,31.4,0.068349275,,0.0535209,,6.543827674,,527.4147147,,0.291270436,,,,,,
,10-Jul-24,202,45483202,15,27.6,0.068349275,,0.0535209,,2.021801338,,742.5395353,,0.735469249,,,,,,
,10-Jul-24,202,45483202,30,29.2,0.068349275,,0.0535209,,2.083691006,,928.4587867,,1.05986277,,,,,,
,10-Jul-24,202,45483202,45,30.5,0.068349275,,0.0535209,,2.007519108,,1247.480847,,1.412206336,,,,,,
,10-Jul-24,202,45483202,60,32.4,0.068349275,,0.0535209,,1.980314858,,1322.43786,,1.441241821,,,,,,
,10-Jul-24,203,45483203,0,23,0.068349275,,0.05256401,,6.543827674,,527.4147147,,0.291270436,,,,,,
,10-Jul-24,203,45483203,15,27.6,0.068349275,,0.05256401,,2.022481445,,703.1205859,,0.326343672,,,,,,
,10-Jul-24,203,45483203,30,28.5,0.068349275,,0.05256401,,2.011599745,,858.7464289,,0.374577853,,,,,,
,10-Jul-24,203,45483203,45,29.7,0.068349275,,0.05256401,,2.421703803,,1110.14248,,0.402307419,,,,,,
,10-Jul-24,203,45483203,60,30.3,0.068349275,,0.05256401,,2.012279851,,1417.026928,,0.428968506,,,,,,
,10-Jul-24,204,45483204,0,26.5,0.068349275,,0.05396517,,1.993236877,,448.0070898,,0.277872052,,,,,,
,10-Jul-24,204,45483204,15,32.5,0.068349275,,0.05396517,,1.95107029,,780.4868581,,0.298461467,,,,,,
,10-Jul-24,204,45483204,30,35.3,0.068349275,,0.05396517,,2.040844313,,908.0803306,,0.300462744,,,,,,
,10-Jul-24,204,45483204,45,37.9,0.068349275,,0.05396517,,2.061927606,,1204.643542,,0.306144337,,,,,,
,10-Jul-24,204,45483204,60,37.8,0.068349275,,0.05396517,,2.058527075,,1345.898527,,0.309451533,,,,,,
,10-Jul-24,205,45483205,0,24.9,0.068349275,,0.053418376,,1.993236877,,448.0070898,,0.277872052,,,,,,
,10-Jul-24,205,45483205,15,28,0.068349275,,0.053418376,,2.002758364,,631.81948,,0.288624679,,,,,,
,10-Jul-24,205,45483205,30,29.9,0.068349275,,0.053418376,,2.080290474,,899.274392,,0.289811877,,,,,,
,10-Jul-24,205,45483205,45,30.1,0.068349275,,0.053418376,,2.019080914,,1152.73297,,0.294408032,,,,,,
,10-Jul-24,205,45483205,60,31.1,0.068349275,,0.053418376,,2.06668835,,1253.992662,,0.291032996,,,,,,
,10-Jul-24,206,45483206,0,27.4,0.068349275,,0.053828472,,1.993236877,,448.0070898,,0.277872052,,,,,,
,10-Jul-24,206,45483206,15,29.6,0.068349275,,0.053828472,,2.027242188,,650.902984,,0.291270436,,,,,,
,10-Jul-24,206,45483206,30,32.1,0.068349275,,0.053828472,,2.049685694,,857.9504006,,0.291202596,,,,,,
,10-Jul-24,206,45483206,45,32.3,0.068349275,,0.053828472,,2.040844313,,1083.072225,,0.294882911,,,,,,
,10-Jul-24,206,45483206,60,34,0.068349275,,0.053828472,,2.073489412,,1479.603485,,0.292033635,,,,,,
,10-Jul-24,301,45483301,0,26.9,0.068349275,,0.040671236,,1.928626785,,443.2216563,,0.288980838,,,,,,
,10-Jul-24,301,45483301,15,30.2,0.068349275,,0.040671236,,2.646818966,,658.1777428,,0.28752228,,,,,,
,10-Jul-24,301,45483301,30,31.1,0.068349275,,0.040671236,,2.58832983,,941.3057434,,0.290558117,,,,,,
,10-Jul-24,301,45483301,45,31,0.068349275,,0.040671236,,5.673971803,,1341.349983,,0.293068193,,,,,,
,10-Jul-24,301,45483301,60,32.1,0.068349275,,0.040671236,,3.486750162,,1536.16715,,0.289150438,,,,,,
,10-Jul-24,302,45483302,0,36.2,0.068349275,,0.040090267,,1.928626785,,443.2216563,,0.288980838,,,,,,
,10-Jul-24,302,45483302,15,28.7,0.068349275,,0.040090267,,6.986576831,,741.0348235,,0.278550451,,,,,,
,10-Jul-24,302,45483302,30,30.8,0.068349275,,0.040090267,,6.398965046,,907.5827303,,0.288285479,,,,,,
,10-Jul-24,302,45483302,45,30.7,0.068349275,,0.040090267,,6.400325259,,1190.295182,,0.282841326,,,,,,
,10-Jul-24,302,45483302,60,36.6,0.068349275,,0.040090267,,7.953007786,,1343.036001,,0.290456357,,,,,,
,10-Jul-24,303,45483303,0,36.4,0.068349275,,0.041064245,,1.928626785,,443.2216563,,0.288980838,,,,,,
,10-Jul-24,303,45483303,15,31,0.068349275,,0.041064245,,2.266639582,,650.1479813,,0.289082598,,,,,,
,10-Jul-24,303,45483303,30,32.1,0.068349275,,0.041064245,,2.452308583,,895.5754742,,0.28767492,,,,,,
,10-Jul-24,303,45483303,45,30.9,0.068349275,,0.041064245,,2.661101196,,1110.988797,,0.28796324,,,,,,
,10-Jul-24,303,45483303,60,31.9,0.068349275,,0.041064245,,2.922942096,,1384.451307,,0.292423714,,,,,,
,10-Jul-24,304,45483304,0,27.9,0.068349275,,0.060786428,,2.017040595,,445.9849265,,0.284164204,,,,,,
,10-Jul-24,304,45483304,15,32.5,0.068349275,,0.060786428,,2.16598386,,591.4721618,,0.292067555,,,,,,
,10-Jul-24,304,45483304,30,33.7,0.068349275,,0.060786428,,2.425104334,,792.0064393,,0.28794628,,,,,,
,10-Jul-24,304,45483304,45,34.5,0.068349275,,0.060786428,,2.705988208,,986.3213738,,0.291830115,,,,,,
,10-Jul-24,304,45483304,60,34.9,0.068349275,,0.060786428,,2.988232294,,1082.983557,,0.291524835,,,,,,
,10-Jul-24,305,45483305,0,33,0.068349275,,0.060085848,,2.017040595,,445.9849265,,0.284164204,,,,,,
,10-Jul-24,305,45483305,15,39.7,0.068349275,,0.060085848,,3.197024907,,608.2794087,,0.297630428,,,,,,
,10-Jul-24,305,45483305,30,35,0.068349275,,0.060085848,,4.070281309,,740.2983485,,0.291677475,,,,,,
,10-Jul-24,305,45483305,45,35.5,0.068349275,,0.060085848,,6.430930039,,966.9771589,,0.318101123,,,,,,
,10-Jul-24,305,45483305,60,37.9,0.068349275,,0.060085848,,6.949170988,,1142.615536,,0.305856018,,,,,,
,10-Jul-24,306,45483306,0,28,0.068349275,,0.059744101,,2.017040595,,445.9849265,,0.284164204,,,,,,
,10-Jul-24,306,45483306,15,30.8,0.068349275,,0.059744101,,5.161171705,,684.9892719,,0.286742121,,,,,,
,10-Jul-24,306,45483306,30,31.3,0.068349275,,0.059744101,,5.93989334,,822.0027432,,0.286063722,,,,,,
,10-Jul-24,306,45483306,45,31.9,0.068349275,,0.059744101,,8.115553176,,1037.159326,,0.291592675,,,,,,
,10-Jul-24,306,45483306,60,32.4,0.068349275,,0.059744101,,9.930076602,,1195.820399,,0.285928042,,,,,,
,16-Jul-24,101,45489101,0,28,0.068349275,,0.06835611,,2.19284983,,440.7052166,,0.292107132,,,,,,
,16-Jul-24,101,45489101,15,32.1,0.068349275,,0.06835611,,2.791017849,,560.6533016,,0.288620832,,,,,,
,16-Jul-24,101,45489101,30,34.8,0.068349275,,0.06835611,,5.173631049,,839.0364824,,0.298284313,,,,,,
,16-Jul-24,101,45489101,45,37,0.068349275,,0.06835611,,5.825446425,,973.8928828,,0.291836351,,,,,,
,16-Jul-24,101,45489101,60,33.48181818,0.068349275,,0.06835611,,7.619279892,,1171.146506,,0.290956314,,,,,,
,16-Jul-24,102,45489102,0,28.7,0.068349275,,0.066339806,,2.19284983,,440.7052166,,0.292107132,,,,,,
,16-Jul-24,102,45489102,15,31.1,0.068349275,,0.066339806,,3.676869816,,631.9214022,,0.294747242,,,,,,
,16-Jul-24,102,45489102,30,33,0.068349275,,0.066339806,,5.867023126,,850.9518857,,0.291548647,,,,,,
,16-Jul-24,102,45489102,45,35,0.068349275,,0.066339806,,12.48643627,,1332.786923,,0.290871695,,,,,,
,16-Jul-24,102,45489102,60,33.48181818,0.068349275,,0.066339806,,11.95935099,,1383.809359,,0.294391842,,,,,,
,16-Jul-24,103,45489103,0,29.4,0.068349275,,0.067108736,,2.19284983,,440.7052166,,0.292107132,,,,,,
,16-Jul-24,103,45489103,15,30.1,0.068349275,,0.067108736,,5.207831238,,656.6627212,,0.287910033,,,,,,
,16-Jul-24,103,45489103,30,33.9,0.068349275,,0.067108736,,8.480319956,,907.4393807,,0.291971741,,,,,,
,16-Jul-24,103,45489103,45,35.7,0.068349275,,0.067108736,,11.7756088,,1145.762005,,0.294256452,,,,,,
,16-Jul-24,103,45489103,60,33.48181818,0.068349275,,0.067108736,,15.21507491,,1390.165079,,0.291345561,,,,,,
,16-Jul-24,104,45489104,0,30.1,0.068349275,,0.067228347,,2.221014692,,453.3610729,,0.291887122,,,,,,
,16-Jul-24,104,45489104,15,32.6,0.068349275,,0.067228347,,4.583510133,,677.9141841,,0.289399326,,,,,,
,16-Jul-24,104,45489104,30,34.3,0.068349275,,0.067228347,,5.898540947,,846.4410119,,0.292767159,,,,,,
,16-Jul-24,104,45489104,45,35.9,0.068349275,,0.067228347,,7.638056466,,1042.27593,,0.29366412,,,,,,
,16-Jul-24,104,45489104,60,33.48181818,0.068349275,,0.067228347,,6.966793924,,1007.951734,,0.291311714,,,,,,
,16-Jul-24,105,45489105,0,31.1,0.068349275,,0.064836122,,2.221014692,,453.3610729,,0.291887122,,,,,,
,16-Jul-24,105,45489105,15,34.2,0.068349275,,0.064836122,,3.42405665,,632.7405985,,0.288062347,,,,,,
,16-Jul-24,105,45489105,30,35,0.068349275,,0.064836122,,5.09852475,,878.5676709,,0.291531723,,,,,,
,16-Jul-24,105,45489105,45,35.9,0.068349275,,0.064836122,,6.736110293,,1151.912595,,0.282342108,,,,,,
,16-Jul-24,105,45489105,60,33.48181818,0.068349275,,0.064836122,,6.918511304,,1232.296406,,0.29491648,,,,,,
,16-Jul-24,106,45489106,0,31.3,0.068349275,,0.066561942,,2.221014692,,453.3610729,,0.291887122,,,,,,
,16-Jul-24,106,45489106,15,33.8,0.068349275,,0.066561942,,4.549309943,,654.9244102,,0.290736305,,,,,,
,16-Jul-24,106,45489106,30,34.2,0.068349275,,0.066561942,,7.62196226,,938.9427093,,0.295610355,,,,,,
,16-Jul-24,106,45489106,45,35.9,0.068349275,,0.066561942,,8.741180225,,1087.567962,,0.289010079,,,,,,
,16-Jul-24,106,45489106,60,33.48181818,0.068349275,,0.066561942,,10.42235424,,1255.82018,,0.292259446,,,,,,
,16-Jul-24,201,45489201,0,28.2,0.068349275,,0.052683621,,2.108355244,,438.8729429,,0.2939349,,,,,,
,16-Jul-24,201,45489201,15,29.7,0.068349275,,0.052683621,,2.077508014,,452.8283968,,0.29143018,,,,,,
,16-Jul-24,201,45489201,30,31.3,0.068349275,,0.052683621,,2.091590445,,1279.866042,,1.034756614,,,,,,
,16-Jul-24,201,45489201,45,32,0.068349275,,0.052683621,,2.113049388,,1695.447413,,1.363653428,,,,,,
,16-Jul-24,201,45489201,60,32.1,0.068349275,,0.052683621,,2.114390571,,1979.262568,,1.576706943,,,,,,
,16-Jul-24,202,45489202,0,28.3,0.068349275,,0.053162066,,2.108355244,,438.8729429,,0.2939349,,,,,,
,16-Jul-24,202,45489202,15,30.6,0.068349275,,0.053162066,,2.094943405,,827.7033834,,0.476847156,,,,,,
,16-Jul-24,202,45489202,30,31.9,0.068349275,,0.053162066,,2.057390256,,1303.230344,,0.675193902,,,,,,
,16-Jul-24,202,45489202,45,32.8,0.068349275,,0.053162066,,2.125790635,,1796.664487,,0.878194689,,,,,,
,16-Jul-24,202,45489202,60,33.1,0.068349275,,0.053162066,,2.078849198,,2296.271718,,1.065388662,,,,,,
,16-Jul-24,203,45489203,0,28.1,0.068349275,,0.052358962,,2.108355244,,438.8729429,,0.2939349,,,,,,
,16-Jul-24,203,45489203,15,29.4,0.068349275,,0.052358962,,2.03123717,,917.1466594,,0.299232045,,,,,,
,16-Jul-24,203,45489203,30,30.9,0.068349275,,0.052358962,,2.063425583,,1399.334388,,0.300907499,,,,,,
,16-Jul-24,203,45489203,45,31.7,0.068349275,,0.052358962,,1.970213302,,441.4569186,,0.294171833,,,,,,
,16-Jul-24,203,45489203,60,31.9,0.068349275,,0.052358962,,2.106343468,,2308.251969,,0.337056701,,,,,,
,16-Jul-24,204,45489204,0,28.6,0.068349275,,0.053606337,,2.075496238,,440.5874323,,0.292597921,,,,,,
,16-Jul-24,204,45489204,15,30.7,0.068349275,,0.053606337,,2.078849198,,832.6595877,,0.283797554,,,,,,
,16-Jul-24,204,45489204,30,32.2,0.068349275,,0.053606337,,2.173402663,,1243.541498,,0.291057857,,,,,,
,16-Jul-24,204,45489204,45,32.6,0.068349275,,0.053606337,,2.204249893,,1689.118162,,0.304292256,,,,,,
,16-Jul-24,204,45489204,60,33,0.068349275,,0.053606337,,2.240461858,,2108.667805,,0.301821383,,,,,,
,16-Jul-24,205,45489205,0,28.6,0.068349275,,0.053281677,,2.075496238,,440.5874323,,0.292597921,,,,,,
,16-Jul-24,205,45489205,15,30.5,0.068349275,,0.053281677,,2.21028522,,476.2277688,,0.296371925,,,,,,
,16-Jul-24,205,45489205,30,31.6,0.068349275,,0.053281677,,2.21699114,,1269.806072,,0.294933403,,,,,,
,16-Jul-24,205,45489205,45,32,0.068349275,,0.053281677,,2.328309404,,1795.634205,,0.291819427,,,,,,
,16-Jul-24,205,45489205,60,32.2,0.068349275,,0.053281677,,2.407439254,,2242.846615,,0.298538169,,,,,,
,16-Jul-24,206,45489206,0,28.1,0.068349275,,0.053179154,,2.075496238,,440.5874323,,0.292597921,,,,,,
,16-Jul-24,206,45489206,15,30,0.068349275,,0.053179154,,2.088237485,,818.5413534,,0.294730318,,,,,,
,16-Jul-24,206,45489206,30,31.1,0.068349275,,0.053179154,,2.174073255,,1138.708844,,0.287757719,,,,,,
,16-Jul-24,206,45489206,45,31.4,0.068349275,,0.053179154,,2.264603168,,1542.565384,,0.299147426,,,,,,
,16-Jul-24,206,45489206,60,31.7,0.068349275,,0.053179154,,2.361168409,,1988.242628,,0.29845355,,,,,,
,16-Jul-24,301,45489301,0,28.7,0.068349275,,0.069928143,,2.059402032,,431.8972012,,0.288891613,,,,,,
,16-Jul-24,301,45489301,15,32.1,0.068349275,,0.069928143,,2.469804305,,638.8746458,,0.294273376,,,,,,
,16-Jul-24,301,45489301,30,34.3,0.068349275,,0.069928143,,2.72932339,,861.553134,,0.293782586,,,,,,
,16-Jul-24,301,45489301,45,29.48333333,0.068349275,,0.069928143,,3.05254871,,1078.531656,,0.283306764,,,,,,
,16-Jul-24,301,45489301,60,33.35,0.068349275,,0.069928143,,3.308714835,,1210.968847,,0.285185304,,,,,,
,16-Jul-24,302,45489302,0,30.5,0.068349275,,0.05889657,,2.059402032,,431.8972012,,0.288891613,,,,,,
,16-Jul-24,302,45489302,15,34.9,0.068349275,,0.05889657,,3.782152752,,681.1519288,,0.283543697,,,,,,
,16-Jul-24,302,45489302,30,35.3,0.068349275,,0.05889657,,5.301043519,,907.4208529,,0.292462531,,,,,,
,16-Jul-24,302,45489302,45,34.3,0.068349275,,0.05889657,,7.365125543,,1216.114962,,0.290516296,,,,,,
,16-Jul-24,302,45489302,60,33.9,0.068349275,,0.05889657,,9.432560525,,1546.037374,,0.295356498,,,,,,
,16-Jul-24,303,45489303,0,30.4,0.068349275,,0.060348993,,2.059402032,,431.8972012,,0.288891613,,,,,,
,16-Jul-24,303,45489303,15,32.5,0.068349275,,0.060348993,,2.430909972,,694.6355838,,0.291142476,,,,,,
,16-Jul-24,303,45489303,30,34.4,0.068349275,,0.060348993,,2.840641654,,1021.136296,,0.292631769,,,,,,
,16-Jul-24,303,45489303,45,34,0.068349275,,0.060348993,,3.200078939,,1366.461982,,0.291937894,,,,,,
,16-Jul-24,303,45489303,60,34.6,0.068349275,,0.060348993,,3.057242854,,1335.730868,,0.290194744,,,,,,
,16-Jul-24,304,45489304,0,29.3,0.068349275,,0.059990159,,2.094272813,,444.6106262,,0.281800547,,,,,,
,16-Jul-24,304,45489304,15,31.8,0.068349275,,0.059990159,,2.48187496,,654.1541804,,0.284322191,,,,,,
,16-Jul-24,304,45489304,30,33,0.068349275,,0.059990159,,2.892947826,,843.4997131,,0.296473468,,,,,,
,16-Jul-24,304,45489304,45,33.1,0.068349275,,0.059990159,,3.926330021,,1401.687427,,0.287250006,,,,,,
,16-Jul-24,304,45489304,60,33.4,0.068349275,,0.059990159,,4.122813463,,1465.043467,,0.292784083,,,,,,
,16-Jul-24,305,45489305,0,29.1,0.068349275,,0.068475721,,2.094272813,,444.6106262,,0.281800547,,,,,,
,16-Jul-24,305,45489305,15,34.2,0.068349275,,0.068475721,,3.328162002,,669.3185775,,0.293139482,,,,,,
,16-Jul-24,305,45489305,30,35.4,0.068349275,,0.068475721,,5.439185461,,1042.348056,,0.288146966,,,,,,
,16-Jul-24,305,45489305,45,35.5,0.068349275,,0.068475721,,6.307602037,,1180.556677,,0.292005589,,,,,,
,16-Jul-24,305,45489305,60,36.4,0.068349275,,0.068475721,,8.689544645,,1589.205318,,0.29156557,,,,,,
,16-Jul-24,306,45489306,0,28.9,0.068349275,,0.068766206,,2.094272813,,444.6106262,,0.281800547,,,,,,
,16-Jul-24,306,45489306,15,34.6,0.068349275,,0.068766206,,4.915453148,,711.7771689,,0.291734808,,,,,,
,16-Jul-24,306,45489306,30,35,0.068349275,,0.068766206,,6.89302881,,889.5096995,,0.292005589,,,,,,
,16-Jul-24,306,45489306,45,35.2,0.068349275,,0.068766206,,11.28138253,,1303.915213,,0.294222605,,,,,,
,16-Jul-24,306,45489306,60,36,0.068349275,,0.068766206,,11.53084274,,1378.272174,,0.297844294,,,,,,
,22-Jul-24,101,45495101,0,25.9,0.068349275,,0.072491241,,2.073889964,,405.2456161,,0.34861529,,,,,,
,22-Jul-24,101,45495101,15,27.3,0.068349275,,0.072491241,,3.311429725,,567.5502038,,0.387718796,,,,,,
,22-Jul-24,101,45495101,30,28.6,0.068349275,,0.072491241,,3.944288172,,705.7944719,,0.350028454,,,,,,
,22-Jul-24,101,45495101,45,30,0.068349275,,0.072491241,,4.954156684,,881.223389,,0.386180414,,,,,,
,22-Jul-24,101,45495101,60,31.9,0.068349275,,0.072491241,,2.167438051,,396.109371,,0.338741029,,,,,,
,22-Jul-24,102,45495102,0,26,0.068349275,,0.070816684,,2.073889964,,405.2456161,,0.34861529,,,,,,
,22-Jul-24,102,45495102,15,27.6,0.068349275,,0.070816684,,5.486704532,,587.1145846,,0.345967843,,,,,,
,22-Jul-24,102,45495102,30,29.6,0.068349275,,0.070816684,,9.02293495,,853.0996629,,0.347810323,,,,,,
,22-Jul-24,102,45495102,45,32.3,0.068349275,,0.070816684,,12.96266194,,1144.709138,,0.39698486,,,,,,
,22-Jul-24,102,45495102,60,33.2,0.068349275,,0.070816684,,12.94575566,,1237.767482,,0.412350784,,,,,,
,22-Jul-24,103,45495103,0,25.7,0.068349275,,0.070611636,,2.073889964,,405.2456161,,0.34861529,,,,,,
,22-Jul-24,103,45495103,15,28,0.068349275,,0.070611636,,4.92823372,,696.7928938,,0.352658013,,,,,,
,22-Jul-24,103,45495103,30,33.3,0.068349275,,0.070611636,,6.884290418,,879.2735701,,0.423351999,,,,,,
,22-Jul-24,103,45495103,45,34.2,0.068349275,,0.070611636,,10.27625391,,1080.583665,,0.356682848,,,,,,
,22-Jul-24,103,45495103,60,35.1,0.068349275,,0.070611636,,10.69102133,,1136.479043,,0.366145681,,,,,,
,22-Jul-24,104,45495104,0,25.7,0.068349275,,0.071380566,,2.131934862,,415.1795923,,0.339689101,,,,,,
,22-Jul-24,104,45495104,15,29.2,0.068349275,,0.071380566,,3.121515836,,518.8846197,,0.343141515,,,,,,
,22-Jul-24,104,45495104,30,33.7,0.068349275,,0.071380566,,5.305807326,,744.8621769,,0.35045777,,,,,,
,22-Jul-24,104,45495104,45,36.8,0.068349275,,0.071380566,,6.38724576,,903.0394482,,0.379293475,,,,,,
,22-Jul-24,104,45495104,60,35.3,0.068349275,,0.071380566,,8.151697942,,1101.316111,,0.371386911,,,,,,
,22-Jul-24,105,45495105,0,26.1,0.068349275,,0.070782509,,2.131934862,,415.1795923,,0.339689101,,,,,,
,22-Jul-24,105,45495105,15,28.3,0.068349275,,0.070782509,,3.429773691,,638.387916,,0.376341929,,,,,,
,22-Jul-24,105,45495105,30,31.7,0.068349275,,0.070782509,,4.295375272,,837.0691504,,0.354339499,,,,,,
,22-Jul-24,105,45495105,45,34,0.068349275,,0.070782509,,5.861460425,,1164.928594,,0.357809801,,,,,,
,22-Jul-24,105,45495105,60,32.4,0.068349275,,0.070782509,,7.222979579,,1422.205966,,0.405553286,,,,,,
,22-Jul-24,106,45495106,0,26.3,0.068349275,,0.07001358,,2.131934862,,415.1795923,,0.339689101,,,,,,
,22-Jul-24,106,45495106,15,30,0.068349275,,0.07001358,,3.211119125,,541.5919921,,0.34357083,,,,,,
,22-Jul-24,106,45495106,30,33.1,0.068349275,,0.07001358,,5.046014143,,788.8925902,,0.390670341,,,,,,
,22-Jul-24,106,45495106,45,34.3,0.068349275,,0.07001358,,6.477976134,,995.9688306,,0.398934668,,,,,,
,22-Jul-24,106,45495106,60,36.1,0.068349275,,0.07001358,,8.626764435,,1295.305683,,0.498929452,,,,,,
,22-Jul-24,201,45495201,0,30.5,0.068349275,,0.053025368,,2.025988835,,399.8766242,,0.36392755,,,,,,
,22-Jul-24,201,45495201,15,30,0.068349275,,0.053025368,,2.016972152,,620.7442522,,0.437751964,,,,,,
,22-Jul-24,201,45495201,30,31.7,0.068349275,,0.053025368,,2.02091695,,849.1657878,,0.532594959,,,,,,
,22-Jul-24,201,45495201,45,31.3,0.068349275,,0.053025368,,2.045149286,,1105.030867,,0.663035381,,,,,,
,22-Jul-24,201,45495201,60,30.3,0.068349275,,0.053025368,,2.02091695,,1523.525789,,0.824225541,,,,,,
,22-Jul-24,202,45495202,0,25.7,0.068349275,,0.074336672,,2.025988835,,399.8766242,,0.36392755,,,,,,
,22-Jul-24,202,45495202,15,31.1,0.068349275,,0.074336672,,2.068254537,,575.9126841,,0.381386389,,,,,,
,22-Jul-24,202,45495202,30,34.2,0.068349275,,0.074336672,,2.13587966,,400.6218578,,0.35598521,,,,,,
,22-Jul-24,202,45495202,45,36,0.068349275,,0.074336672,,2.047403457,,967.5677817,,0.473564049,,,,,,
,22-Jul-24,202,45495202,60,36.4,0.068349275,,0.074336672,,2.06261911,,1227.803262,,0.523454112,,,,,,
,22-Jul-24,203,45495203,0,26.6,0.068349275,,0.073482306,,2.025988835,,399.8766242,,0.36392755,,,,,,
,22-Jul-24,203,45495203,15,31.4,0.068349275,,0.073482306,,2.048530543,,604.5368466,,0.368184931,,,,,,
,22-Jul-24,203,45495203,30,34.2,0.068349275,,0.073482306,,2.027679463,,784.4280357,,0.354768815,,,,,,
,22-Jul-24,203,45495203,45,35.9,0.068349275,,0.073482306,,2.087978531,,994.4703745,,0.360403584,,,,,,
,22-Jul-24,203,45495203,60,36.4,0.068349275,,0.073482306,,2.045149286,,1225.160707,,0.3997933,,,,,,
,22-Jul-24,204,45495204,0,26.5,0.068349275,,0.053640511,,2.129680691,,408.2311158,,0.354053289,,,,,,
,22-Jul-24,204,45495204,15,31.6,0.068349275,,0.053640511,,2.082906647,,610.4165462,,0.37206666,,,,,,
,22-Jul-24,204,45495204,30,34.9,0.068349275,,0.053640511,,2.134752575,,871.8451997,,0.379543909,,,,,,
,22-Jul-24,204,45495204,45,36.2,0.068349275,,0.053640511,,2.187162046,,1039.624345,,0.39610834,,,,,,
,22-Jul-24,204,45495204,60,37.4,0.068349275,,0.053640511,,2.249151742,,1450.879772,,0.369830641,,,,,,
,22-Jul-24,205,45495205,0,26.4,0.068349275,,0.073892401,,2.129680691,,408.2311158,,0.354053289,,,,,,
,22-Jul-24,205,45495205,15,31.3,0.068349275,,0.073892401,,2.094177501,,554.966825,,0.343713936,,,,,,
,22-Jul-24,205,45495205,30,32.8,0.068349275,,0.073892401,,2.17758182,,749.7546986,,0.347810323,,,,,,
,22-Jul-24,205,45495205,45,33.21,0.068349275,,0.073892401,,2.231118376,,946.3485941,,0.354518381,,,,,,
,22-Jul-24,205,45495205,60,33.8,0.068349275,,0.073892401,,2.242952773,,1217.290675,,0.363104695,,,,,,
,22-Jul-24,206,45495206,0,26.6,0.068349275,,0.053469638,,2.129680691,,408.2311158,,0.354053289,,,,,,
,22-Jul-24,206,45495206,15,30.6,0.068349275,,0.053469638,,2.13362549,,654.5057337,,0.374016469,,,,,,
,22-Jul-24,206,45495206,30,32.3,0.068349275,,0.053469638,,2.186598503,,861.630477,,0.353427203,,,,,,
,22-Jul-24,206,45495206,45,32.9,0.068349275,,0.053469638,,2.232809004,,1116.182553,,0.365000839,,,,,,
,22-Jul-24,206,45495206,60,33.7,0.068349275,,0.053469638,,2.340445659,,1420.126615,,0.43846749,,,,,,
,22-Jul-24,301,45495301,0,26.2,0.068349275,,0.073601917,,2.026552377,,387.632766,,0.335252839,,,,,,
,22-Jul-24,301,45495301,15,30.3,0.068349275,,0.073601917,,2.215339181,,555.205916,,0.340386739,,,,,,
,22-Jul-24,301,45495301,30,37.9,0.068349275,,0.073601917,,2.387783246,,752.1712871,,0.373354608,,,,,,
,22-Jul-24,301,45495301,45,33.4,0.068349275,,0.073601917,,2.635742032,,1058.284859,,0.358561104,,,,,,
,22-Jul-24,301,45495301,60,35.5,0.068349275,,0.073601917,,2.788462103,,1237.136373,,0.358382222,,,,,,
,22-Jul-24,302,45495302,0,26.7,0.068349275,,0.062553257,,2.026552377,,387.632766,,0.335252839,,,,,,
,22-Jul-24,302,45495302,15,32.1,0.068349275,,0.062553257,,3.447807057,,617.5156672,,0.349438145,,,,,,
,22-Jul-24,302,45495302,30,35.9,0.068349275,,0.062553257,,4.904564927,,837.4098124,,0.379132481,,,,,,
,22-Jul-24,302,45495302,45,35.8,0.068349275,,0.062553257,,6.047993057,,1077.799025,,0.359151413,,,,,,
,22-Jul-24,302,45495302,60,35.3,0.068349275,,0.062553257,,7.460794596,,1291.049977,,0.373193614,,,,,,
,22-Jul-24,303,45495303,0,26.8,0.068349275,,0.063475972,,2.026552377,,387.632766,,0.335252839,,,,,,
,22-Jul-24,303,45495303,15,35,0.068349275,,0.063475972,,2.488093846,,596.6411359,,0.365591149,,,,,,
,22-Jul-24,303,45495303,30,38.5,0.068349275,,0.063475972,,2.549519999,,835.388095,,0.346987468,,,,,,
,22-Jul-24,303,45495303,45,39.7,0.068349275,,0.063475972,,2.743378687,,1013.121188,,0.358722097,,,,,,
,22-Jul-24,303,45495303,60,39,0.068349275,,0.063475972,,2.90286127,,1250.370262,,0.356593407,,,,,,
,22-Jul-24,304,45495304,0,26.7,0.068349275,,0.073294345,,2.036132603,,403.6986571,,0.335360167,,,,,,
,22-Jul-24,304,45495304,15,32.5,0.068349275,,0.073294345,,2.382711361,,602.3542136,,0.343320396,,,,,,
,22-Jul-24,304,45495304,30,34.7,0.068349275,,0.073294345,,2.609255525,,819.1087909,,0.379347139,,,,,,
,22-Jul-24,304,45495304,45,35,0.068349275,,0.073294345,,2.761975596,,960.0361285,,0.346325606,,,,,,
,22-Jul-24,304,45495304,60,33.8,0.068349275,,0.073294345,,3.080377219,,1191.016338,,0.355538006,,,,,,
,22-Jul-24,305,45495305,0,28.4,0.068349275,,0.072867162,,2.036132603,,403.6986571,,0.335360167,,,,,,
,22-Jul-24,305,45495305,15,34.7,0.068349275,,0.072867162,,3.09108453,,598.4385984,,0.344429462,,,,,,
,22-Jul-24,305,45495305,30,38.6,0.068349275,,0.072867162,,4.137583317,,858.2558125,,0.344232692,,,,,,
,22-Jul-24,305,45495305,45,41.4,0.068349275,,0.072867162,,4.844829401,,1079.526871,,0.353230434,,,,,,
,22-Jul-24,305,45495305,60,38.3,0.068349275,,0.072867162,,6.153375541,,1329.09056,,0.365931023,,,,,,
,22-Jul-24,306,45495306,0,27.5,0.068349275,,0.075071426,,2.036132603,,403.6986571,,0.335360167,,,,,,
,22-Jul-24,306,45495306,15,32.9,0.068349275,,0.075071426,,4.264380424,,650.4371916,,0.369419214,,,,,,
,22-Jul-24,306,45495306,30,34.3,0.068349275,,0.075071426,,6.173663078,,891.0928847,,0.378148633,,,,,,
,22-Jul-24,306,45495306,45,34.2,0.068349275,,0.075071426,,7.734676347,,1116.05188,,0.406054154,,,,,,
,22-Jul-24,306,45495306,60,33.2,0.068349275,,0.075071426,,10.58845656,,1548.65032,,0.444227476,,,,,,
,29-Jul-24,101,45502101,0,28.6,0.068349275,,0.071807749,,1.975269992,,437.6535799,,0.337417305,,,,,,
,29-Jul-24,101,45502101,15,30.6,0.068349275,,0.071807749,,4.228313691,,673.4293049,,0.33979643,,,,,,
,29-Jul-24,101,45502101,30,32.2,0.068349275,,0.071807749,,4.224368892,,734.1030799,,0.340798166,,,,,,
,29-Jul-24,101,45502101,45,31.3,0.068349275,,0.071807749,,6.916975895,,1010.0364,,0.376753357,,,,,,
,29-Jul-24,101,45502101,60,31.9,0.068349275,,0.071807749,,9.836127061,,1274.290208,,0.400490938,,,,,,
,29-Jul-24,102,45502102,0,28,0.068349275,,0.070440763,,1.975269992,,437.6535799,,0.337417305,,,,,,
,29-Jul-24,102,45502102,15,31.8,0.068349275,,0.070440763,,4.113914524,,622.2889287,,0.33310626,,,,,,
,29-Jul-24,102,45502102,30,32.7,0.068349275,,0.070440763,,9.287236475,,827.7520178,,0.345520639,,,,,,
,29-Jul-24,102,45502102,45,33.6,0.068349275,,0.070440763,,12.19342616,,1011.879512,,0.400097399,,,,,,
,29-Jul-24,102,45502102,60,33.8,0.068349275,,0.070440763,,16.6380874,,1264.546249,,0.404587325,,,,,,
,29-Jul-24,103,45502103,0,28.2,0.068349275,,0.071141343,,1.975269992,,437.6535799,,0.337417305,,,,,,
,29-Jul-24,103,45502103,15,32.3,0.068349275,,0.071141343,,7.83780466,,770.179579,,0.338669476,,,,,,
,29-Jul-24,103,45502103,30,35.6,0.068349275,,0.071141343,,11.17792222,,1000.686742,,0.402726957,,,,,,
,29-Jul-24,103,45502103,45,35.5,0.068349275,,0.071141343,,15.91900692,,1337.737211,,0.355126578,,,,,,
,29-Jul-24,103,45502103,60,35.7,0.068349275,,0.071141343,,19.39550182,,1541.481583,,0.415481211,,,,,,
,29-Jul-24,104,45502104,0,30.8,0.068349275,,0.050411008,,1.957800168,,434.8752164,,0.353606085,,,,,,
,29-Jul-24,104,45502104,15,36.3,0.068349275,,0.050411008,,5.598285986,,795.06559,,0.392512821,,,,,,
,29-Jul-24,104,45502104,30,36.7,0.068349275,,0.050411008,,10.3157019,,1237.28987,,0.382602783,,,,,,
,29-Jul-24,104,45502104,45,36.3,0.068349275,,0.050411008,,13.85249586,,1569.381625,,0.357469926,,,,,,
,29-Jul-24,104,45502104,60,37,0.068349275,,0.050411008,,15.77530354,,1758.123748,,0.411456377,,,,,,
,29-Jul-24,105,45502105,0,29.1,0.068349275,,0.068219412,,1.957800168,,434.8752164,,0.353606085,,,,,,
,29-Jul-24,105,45502105,15,30.3,0.068349275,,0.068219412,,3.50697904,,721.681758,,0.370081075,,,,,,
,29-Jul-24,105,45502105,30,30.4,0.068349275,,0.068219412,,5.621391236,,1043.199298,,0.395589584,,,,,,
,29-Jul-24,105,45502105,45,32.5,0.068349275,,0.068219412,,7.735803432,,1329.511109,,0.39097444,,,,,,
,29-Jul-24,105,45502105,60,32,0.068349275,,0.068219412,,9.000393242,,1529.850574,,0.366825431,,,,,,
,29-Jul-24,106,45502106,0,29.3,0.068349275,,0.06950096,,1.957800168,,434.8752164,,0.353606085,,,,,,
,29-Jul-24,106,45502106,15,34.1,0.068349275,,0.06950096,,4.362436853,,721.9094366,,0.355770552,,,,,,
,29-Jul-24,106,45502106,30,36.9,0.068349275,,0.06950096,,6.053064941,,966.1303823,,0.360528801,,,,,,
,29-Jul-24,106,45502106,45,35.3,0.068349275,,0.06950096,,2.12122755,,385.9956486,,0.331371109,,,,,,
,29-Jul-24,106,45502106,60,37,0.068349275,,0.06950096,,12.38503068,,1534.48118,,0.376592364,,,,,,
,29-Jul-24,201,45502201,0,28.2,0.068349275,,0.073601917,,1.918915722,,456.6222302,,0.381010738,,,,,,
,29-Jul-24,201,45502201,15,33,0.068349275,,0.073601917,,1.899191728,,590.1525816,,0.410114765,,,,,,
,29-Jul-24,201,45502201,30,35.8,0.068349275,,0.073601917,,2.002883584,,870.4888288,,0.542522885,,,,,,
,29-Jul-24,201,45502201,45,32.94,0.068349275,,0.073601917,,1.949910571,,1260.194678,,0.618708534,,,,,,
,29-Jul-24,201,45502201,60,34.386,0.068349275,,0.073601917,,2.274511164,,1280.533394,,0.722728153,,,,,,
,29-Jul-24,202,45502202,0,29.2,0.068349275,,0.073977838,,1.918915722,,456.6222302,,0.381010738,,,,,,
,29-Jul-24,202,45502202,15,32,0.068349275,,0.073977838,,1.923424064,,619.9950242,,0.359992156,,,,,,
,29-Jul-24,202,45502202,30,29.7,0.068349275,,0.073977838,,1.937512631,,1024.497128,,0.391403755,,,,,,
,29-Jul-24,202,45502202,45,32.5,0.068349275,,0.073977838,,1.921169893,,1047.78083,,0.406179371,,,,,,
,29-Jul-24,202,45502202,60,33.5,0.068349275,,0.073977838,,1.922296979,,1336.832773,,0.419863809,,,,,,
,29-Jul-24,203,45502203,0,29,0.068349275,,0.073448131,,1.918915722,,456.6222302,,0.381010738,,,,,,
,29-Jul-24,203,45502203,15,32.8,0.068349275,,0.073448131,,1.916661552,,689.1824946,,0.373873364,,,,,,
,29-Jul-24,203,45502203,30,33.4,0.068349275,,0.073448131,,1.922296979,,1023.861454,,0.391296427,,,,,,
,29-Jul-24,203,45502203,45,32.9,0.068349275,,0.073448131,,2.058110768,,400.8187228,,0.354267947,,,,,,
,29-Jul-24,203,45502203,60,34.3,0.068349275,,0.073448131,,1.976397077,,1539.909517,,0.413352521,,,,,,
,29-Jul-24,204,45502204,0,29,0.068349275,,0.074336672,,1.933567833,,434.3593732,,0.341996673,,,,,,
,29-Jul-24,204,45502204,15,32.3,0.068349275,,0.074336672,,2.064309738,,638.8598212,,0.346182501,,,,,,
,29-Jul-24,204,45502204,30,33,0.068349275,,0.074336672,,2.208013126,,844.6812615,,0.352461243,,,,,,
,29-Jul-24,204,45502204,45,32.9,0.068349275,,0.074336672,,2.341009202,,1096.912043,,0.39029469,,,,,,
,29-Jul-24,204,45502204,60,34.23,0.068349275,,0.074336672,,2.414833295,,1202.738076,,0.360457248,,,,,,
,29-Jul-24,205,45502205,0,28.9,0.068349275,,0.074199973,,1.933567833,,434.3593732,,0.341996673,,,,,,
,29-Jul-24,205,45502205,15,32.8,0.068349275,,0.074199973,,2.024298207,,679.7523786,,0.369419214,,,,,,
,29-Jul-24,205,45502205,30,33,0.068349275,,0.074199973,,2.224355864,,1050.550064,,0.35122696,,,,,,
,29-Jul-24,205,45502205,45,33.4,0.068349275,,0.074199973,,3.597709414,,1161.102567,,0.370957595,,,,,,
,29-Jul-24,205,45502205,60,35.3,0.068349275,,0.074199973,,2.368622794,,1484.281191,,0.356611295,,,,,,
,29-Jul-24,206,45502206,0,28.6,0.068349275,,0.074370846,,1.933567833,,434.3593732,,0.341996673,,,,,,
,29-Jul-24,206,45502206,15,33,0.068349275,,0.074370846,,2.170819308,,701.7299241,,0.340619285,,,,,,
,29-Jul-24,206,45502206,30,32.5,0.068349275,,0.074370846,,2.176454735,,903.495376,,0.358274893,,,,,,
,29-Jul-24,206,45502206,45,33,0.068349275,,0.074370846,,2.316776866,,1220.077027,,0.412833765,,,,,,
,29-Jul-24,206,45502206,60,34.6,0.068349275,,0.074370846,,2.473441735,,1506.339194,,0.372209766,,,,,,
,29-Jul-24,301,45502301,0,28.3,0.068349275,,0.066117671,,1.953291827,,463.6237747,,0.326952735,,,,,,
,29-Jul-24,301,45502301,15,30.8,0.068349275,,0.066117671,,2.447518771,,715.2280116,,0.407860858,,,,,,
,29-Jul-24,301,45502301,30,31.6,0.068349275,,0.066117671,,2.661664996,,1127.908285,,0.379293475,,,,,,
,29-Jul-24,301,45502301,45,31.9,0.068349275,,0.066117671,,2.920331093,,1043.312281,,0.393246235,,,,,,
,29-Jul-24,301,45502301,60,32.2,0.068349275,,0.066117671,,3.225207692,,1232.093777,,0.351978263,,,,,,
,29-Jul-24,302,45502302,0,27.6,0.068349275,,0.06555379,,1.953291827,,463.6237747,,0.326952735,,,,,,
,29-Jul-24,302,45502302,15,32,0.068349275,,0.06555379,,3.030221919,,606.4615581,,0.348740507,,,,,,
,29-Jul-24,302,45502302,30,32.9,0.068349275,,0.06555379,,4.295375272,,866.4117273,,0.354715151,,,,,,
,29-Jul-24,302,45502302,45,32.5,0.068349275,,0.06555379,,6.075043107,,1063.585946,,0.401474786,,,,,,
,29-Jul-24,302,45502302,60,34,0.068349275,,0.06555379,,7.705372126,,1260.797827,,0.352085592,,,,,,
,29-Jul-24,303,45502303,0,28.9,0.068349275,,0.056145512,,1.953291827,,463.6237747,,0.326952735,,,,,,
,29-Jul-24,303,45502303,15,33,0.068349275,,0.056145512,,2.291980987,,687.4837499,,0.377003791,,,,,,
,29-Jul-24,303,45502303,30,33.2,0.068349275,,0.056145512,,2.895535215,,1011.183352,,0.350010566,,,,,,
,29-Jul-24,303,45502303,45,33.5,0.068349275,,0.056145512,,3.357076683,,1202.105825,,0.361351656,,,,,,
,29-Jul-24,303,45502303,60,34.9,0.068349275,,0.056145512,,3.834960889,,1611.372061,,0.374284792,,,,,,
,29-Jul-24,304,45502304,0,29,0.068349275,,0.064887384,,1.918915722,,435.8001963,,0.331889865,,,,,,
,29-Jul-24,304,45502304,15,32.9,0.068349275,,0.064887384,,2.369749879,,897.7651797,,0.354106953,,,,,,
,29-Jul-24,304,45502304,30,33.3,0.068349275,,0.064887384,,2.777191249,,855.6457828,,0.351978263,,,,,,
,29-Jul-24,304,45502304,45,33.9,0.068349275,,0.064887384,,3.13278669,,1091.415231,,0.40957812,,,,,,
,29-Jul-24,304,45502304,60,35.3,0.068349275,,0.064887384,,3.528957205,,1285.181689,,0.426625532,,,,,,
,29-Jul-24,305,45502305,0,28,0.068349275,,0.064613987,,1.918915722,,435.8001963,,0.331889865,,,,,,
,29-Jul-24,305,45502305,15,32.4,0.068349275,,0.064613987,,3.219572265,,691.0883755,,0.348561625,,,,,,
,29-Jul-24,305,45502305,30,32.4,0.068349275,,0.064613987,,4.237893917,,902.9447248,,0.382262909,,,,,,
,29-Jul-24,305,45502305,45,32.8,0.068349275,,0.064613987,,4.955283769,,1139.311045,,0.395392814,,,,,,
,29-Jul-24,305,45502305,60,34.2,0.068349275,,0.064613987,,6.645911858,,1382.160213,,0.361530537,,,,,,
,29-Jul-24,306,45502306,0,34.1,0.068349275,,0.067877665,,1.918915722,,435.8001963,,0.331889865,,,,,,
,29-Jul-24,306,45502306,15,34.1,0.068349275,,0.067877665,,4.369762908,,791.9750958,,0.344662008,,,,,,
,29-Jul-24,306,45502306,30,32.2,0.068349275,,0.067877665,,5.796089472,,943.882932,,0.358257005,,,,,,
,29-Jul-24,306,45502306,45,35.1,0.068349275,,0.067877665,,7.960093425,,1203.430812,,0.370438838,,,,,,
,29-Jul-24,306,45502306,60,36,0.068349275,,0.067877665,,9.074780878,,1451.001315,,0.418504309,,,,,,
,5-Aug-24,101,45509101,0,26.5,0.068349275,,0.066339806,,2.853335692,,482.8369746,,0.338504264,,,,,,
,5-Aug-24,101,45509101,15,29.3,0.068349275,,0.066339806,,5.024787069,,689.1638878,,0.37830495,,,,,,
,5-Aug-24,101,45509101,30,33.2,0.068349275,,0.066339806,,7.404976858,,958.6759179,,0.357444269,,,,,,
,5-Aug-24,101,45509101,45,34.9,0.068349275,,0.066339806,,8.731752522,,1227.534453,,0.363953228,,,,,,
,5-Aug-24,101,45509101,60,36.6,0.068349275,,0.066339806,,12.48561263,,1617.156172,,0.369572985,,,,,,
,5-Aug-24,102,45509102,0,26.9,0.068349275,,0.065194956,,2.853335692,,482.8369746,,0.338504264,,,,,,
,5-Aug-24,102,45509102,15,32.1,0.068349275,,0.065194956,,6.840525315,,764.2452538,,0.367936853,,,,,,
,5-Aug-24,102,45509102,30,33.4,0.068349275,,0.065194956,,9.882959164,,1001.059956,,0.347894238,,,,,,
,5-Aug-24,102,45509102,45,37.7,0.068349275,,0.065194956,,12.43471477,,1206.941104,,0.397920748,,,,,,
,5-Aug-24,102,45509102,60,38.8,0.068349275,,0.065194956,,15.84372759,,1493.981229,,0.438415011,,,,,,
,5-Aug-24,103,45509103,0,28.7,0.068349275,,0.064716511,,2.853335692,,482.8369746,,0.338504264,,,,,,
,5-Aug-24,103,45509103,15,32.9,0.068349275,,0.064716511,,11.47051487,,808.9881541,,0.36985753,,,,,,
,5-Aug-24,103,45509103,30,33.6,0.068349275,,0.064716511,,19.22872119,,1135.936641,,0.378660631,,,,,,
,5-Aug-24,103,45509103,45,35.7,0.068349275,,0.064716511,,29.91384037,,1592.883746,,0.420133016,,,,,,
,5-Aug-24,103,45509103,60,39.1,0.068349275,,0.064716511,,33.81810651,,1942.819158,,0.368025774,,,,,,
,5-Aug-24,104,45509104,0,30.7,0.068349275,,0.064801948,,3.008888701,,478.0377005,,0.35547024,,,,,,
,5-Aug-24,104,45509104,15,33.7,0.068349275,,0.064801948,,6.296089784,,756.9493653,,0.355630296,,,,,,
,5-Aug-24,104,45509104,30,35.3,0.068349275,,0.064801948,,11.08849498,,1167.821785,,0.362352664,,,,,,
,5-Aug-24,104,45509104,45,37.1,0.068349275,,0.064801948,,15.09112553,,1564.641863,,0.37179599,,,,,,
,5-Aug-24,104,45509104,60,37.9,0.068349275,,0.064801948,,16.82050898,,1697.241786,,0.364237773,,,,,,
,5-Aug-24,105,45509105,0,29.6,0.068349275,,0.064374765,,3.008888701,,478.0377005,,0.35547024,,,,,,
,5-Aug-24,105,45509105,15,31.9,0.068349275,,0.064374765,,5.377640769,,759.7066061,,0.345457824,,,,,,
,5-Aug-24,105,45509105,30,33.7,0.068349275,,0.064374765,,9.283050685,,1222.111439,,0.42415221,,,,,,
,5-Aug-24,105,45509105,45,36.9,0.068349275,,0.064374765,,13.02490119,,1609.933016,,0.358635799,,,,,,
,5-Aug-24,105,45509105,60,36.6,0.068349275,,0.064374765,,16.11251404,,1918.971009,,0.461943299,,,,,,
,5-Aug-24,106,45509106,0,27.5,0.068349275,,0.063093216,,3.008888701,,478.0377005,,0.35547024,,,,,,
,5-Aug-24,106,45509106,15,30.2,0.068349275,,0.063093216,,8.44009063,,821.3455964,,0.360716532,,,,,,
,5-Aug-24,106,45509106,30,31.3,0.068349275,,0.063093216,,13.80552566,,1243.807905,,0.356110465,,,,,,
,5-Aug-24,106,45509106,45,31.8,0.068349275,,0.063093216,,16.01300586,,1490.205727,,0.415900414,,,,,,
,5-Aug-24,106,45509106,60,34.4,0.068349275,,0.063093216,,21.1977249,,2028.250096,,0.368630431,,,,,,
,5-Aug-24,201,45509201,0,29,0.068349275,,0.074114537,,2.768696555,,467.8286359,,0.362459368,,,,,,
,5-Aug-24,201,45509201,15,33.7,0.068349275,,0.074114537,,3.424649868,,710.7275611,,0.441562787,,,,,,
,5-Aug-24,201,45509201,30,36,0.068349275,,0.074114537,,2.750968087,,966.4412647,,0.40576351,,,,,,
,5-Aug-24,201,45509201,45,32.1,0.068349275,,0.074114537,,3.690576887,,1231.001392,,0.441491651,,,,,,
,5-Aug-24,201,45509201,60,37.8,0.068349275,,0.074114537,,2.825313275,,1547.98987,,0.489152883,,,,,,
,5-Aug-24,202,45509202,0,29.1,0.068349275,,0.074251235,,2.768696555,,467.8286359,,0.362459368,,,,,,
,5-Aug-24,202,45509202,15,35.7,0.068349275,,0.074251235,,2.896799033,,813.164239,,0.354669958,,,,,,
,5-Aug-24,202,45509202,30,37.5,0.068349275,,0.074251235,,2.837894768,,1015.44786,,0.410138385,,,,,,
,5-Aug-24,202,45509202,45,36.8,0.068349275,,0.074251235,,2.698926455,,1198.407653,,0.380865852,,,,,,
,5-Aug-24,202,45509202,60,35.7,0.068349275,,0.074251235,,3.166729254,,1552.543394,,0.394844109,,,,,,
,5-Aug-24,203,45509203,0,29.3,0.068349275,,0.073345607,,2.768696555,,467.8286359,,0.362459368,,,,,,
,5-Aug-24,203,45509203,15,31.5,0.068349275,,0.073345607,,2.687488734,,801.4288841,,0.371102413,,,,,,
,5-Aug-24,203,45509203,30,32.4,0.068349275,,0.073345607,,2.744105454,,1080.875026,,0.350953093,,,,,,
,5-Aug-24,203,45509203,45,37.1,0.068349275,,0.073345607,,2.745821113,,1444.623091,,0.364415613,,,,,,
,5-Aug-24,203,45509203,60,37.2,0.068349275,,0.073345607,,2.750396201,,1631.339652,,0.459080068,,,,,,
,5-Aug-24,204,45509204,0,29.7,0.068349275,,0.074490458,,2.731523961,,458.8014822,,0.338201935,,,,,,
,5-Aug-24,204,45509204,15,33.98,0.068349275,,0.074490458,,2.8899364,,678.0247228,,0.366620834,,,,,,
,5-Aug-24,204,45509204,30,35.64,0.068349275,,0.074490458,,2.96256593,,927.6834064,,0.404056242,,,,,,
,5-Aug-24,204,45509204,45,36.16,0.068349275,,0.074490458,,2.774415416,,1054.661401,,0.367794581,,,,,,
,5-Aug-24,204,45509204,60,37.2,0.068349275,,0.074490458,,2.764693353,,1253.663774,,0.361036645,,,,,,
,5-Aug-24,205,45509205,0,29.8,0.068349275,,0.074114537,,2.731523961,,458.8014822,,0.338201935,,,,,,
,5-Aug-24,205,45509205,15,34.9,0.068349275,,0.074114537,,3.703730266,,794.0558545,,0.352197976,,,,,,
,5-Aug-24,205,45509205,30,36.6,0.068349275,,0.074114537,,2.884217539,,950.8202058,,0.359276025,,,,,,
,5-Aug-24,205,45509205,45,38.1,0.068349275,,0.074114537,,2.966569132,,1275.904635,,0.36215704,,,,,,
,5-Aug-24,205,45509205,60,38,0.068349275,,0.074114537,,2.943121804,,1425.243611,,0.357479837,,,,,,
,5-Aug-24,206,45509206,0,29,0.068349275,,0.07428541,,2.731523961,,458.8014822,,0.338201935,,,,,,
,5-Aug-24,206,45509206,15,34.1,0.068349275,,0.07428541,,2.791571997,,709.4712643,,0.351344342,,,,,,
,5-Aug-24,206,45509206,30,35.7,0.068349275,,0.07428541,,2.865345299,,912.9031848,,0.357960006,,,,,,
,5-Aug-24,206,45509206,45,36.7,0.068349275,,0.07428541,,2.757258834,,1117.639891,,0.354278709,,,,,,
,5-Aug-24,206,45509206,60,37.3,0.068349275,,0.07428541,,2.856195122,,1271.931321,,0.409622648,,,,,,
,5-Aug-24,301,45509301,0,28.5,0.068349275,,0.066288545,,2.790428225,,471.3413079,,0.353834108,,,,,,
,5-Aug-24,301,45509301,15,31.4,0.068349275,,0.066288545,,3.108396876,,684.3282471,,0.347165092,,,,,,
,5-Aug-24,301,45509301,30,33.1,0.068349275,,0.066288545,,3.438375133,,969.7153505,,0.395075301,,,,,,
,5-Aug-24,301,45509301,45,33.7,0.068349275,,0.066288545,,4.22300281,,1367.187271,,0.403469369,,,,,,
,5-Aug-24,301,45509301,60,33.4,0.068349275,,0.066288545,,3.920475084,,1329.587079,,0.423778745,,,,,,
,5-Aug-24,302,45509302,0,31.8,0.068349275,,0.065519615,,2.790428225,,471.3413079,,0.353834108,,,,,,
,5-Aug-24,302,45509302,15,34.8,0.068349275,,0.065519615,,4.618747965,,695.7655071,,0.344693111,,,,,,
,5-Aug-24,302,45509302,30,36.9,0.068349275,,0.065519615,,6.371578745,,989.1102589,,0.398863302,,,,,,
,5-Aug-24,302,45509302,45,33.6,0.068349275,,0.065519615,,7.142481156,,1143.051248,,0.360858805,,,,,,
,5-Aug-24,302,45509302,60,39.8,0.068349275,,0.065519615,,8.418930846,,1391.402392,,0.390238042,,,,,,
,5-Aug-24,303,45509303,0,30.5,0.068349275,,0.066596116,,2.790428225,,471.3413079,,0.353834108,,,,,,
,5-Aug-24,303,45509303,15,32.075,0.068349275,,0.066596116,,3.100390471,,616.8965164,,0.359951819,,,,,,
,5-Aug-24,303,45509303,30,34.14,0.068349275,,0.066596116,,3.63338828,,866.9949039,,0.374677005,,,,,,
,5-Aug-24,303,45509303,45,34.125,0.068349275,,0.066596116,,4.088609586,,1125.353994,,0.356163818,,,,,,
,5-Aug-24,303,45509303,60,35.8,0.068349275,,0.066596116,,5.007058601,,1406.141839,,0.358938128,,,,,,
,5-Aug-24,304,45509304,0,32.4,0.068349275,,0.065314567,,2.74181791,,470.224416,,0.340371588,,,,,,
,5-Aug-24,304,45509304,15,32.1,0.068349275,,0.065314567,,3.002026068,,654.3132227,,0.350081675,,,,,,
,5-Aug-24,304,45509304,30,33.6,0.068349275,,0.065314567,,3.226205404,,870.4822295,,0.421022218,,,,,,
,5-Aug-24,304,45509304,45,35,0.068349275,,0.065314567,,3.582490421,,1124.526932,,0.359471649,,,,,,
,5-Aug-24,304,45509304,60,35.6,0.068349275,,0.065314567,,3.879871173,,1335.605732,,0.400890683,,,,,,
,5-Aug-24,305,45509305,0,29.8,0.068349275,,0.0645969,,2.74181791,,470.224416,,0.340371588,,,,,,
,5-Aug-24,305,45509305,15,30,0.068349275,,0.0645969,,3.61451604,,723.3638131,,0.369341793,,,,,,
,5-Aug-24,305,45509305,30,32.3,0.068349275,,0.0645969,,4.055440194,,1050.192181,,0.37663325,,,,,,
,5-Aug-24,305,45509305,45,34.2,0.068349275,,0.0645969,,4.420303502,,1193.044147,,0.350864173,,,,,,
,5-Aug-24,305,45509305,60,34.4,0.068349275,,0.0645969,,5.692178103,,1593.414917,,0.373307634,,,,,,
,5-Aug-24,306,45509306,0,30,0.068349275,,0.06739922,,2.74181791,,470.224416,,0.340371588,,,,,,
,5-Aug-24,306,45509306,15,32.075,0.068349275,,0.06739922,,4.952157539,,808.824505,,0.339855851,,,,,,
,5-Aug-24,306,45509306,30,34.8,0.068349275,,0.06739922,,6.812502898,,1026.476824,,0.355132343,,,,,,
,5-Aug-24,306,45509306,45,34.125,0.068349275,,0.06739922,,8.076371095,,1224.586564,,0.404038458,,,,,,
,5-Aug-24,306,45509306,60,35.8,0.068349275,,0.06739922,,9.437459922,,1458.031305,,0.356377226,,,,,,
,13-Aug-24,101,45517101,0,30.3,0.068349275,,0.069073777,,2.092345397,,414.6138159,,0.344026596,,,,,,
,13-Aug-24,101,45517101,15,25.1,0.068349275,,0.069073777,,3.367098643,,615.485514,,0.351387199,,,,,,
,13-Aug-24,101,45517101,30,30,0.068349275,,0.069073777,,4.61724507,,818.5788493,,0.349362153,,,,,,
,13-Aug-24,101,45517101,45,30.3,0.068349275,,0.069073777,,6.103857024,,1083.383061,,0.363185295,,,,,,
,13-Aug-24,101,45517101,60,29,0.068349275,,0.069073777,,7.783122363,,1416.515732,,0.375828627,,,,,,
,13-Aug-24,102,45517102,0,27.4,0.068349275,,0.066852426,,2.092345397,,414.6138159,,0.344026596,,,,,,
,13-Aug-24,102,45517102,15,31.1,0.068349275,,0.066852426,,4.771487812,,630.3572537,,0.35117589,,,,,,
,13-Aug-24,102,45517102,30,31.9,0.068349275,,0.066852426,,7.570063323,,850.6591534,,0.376286463,,,,,,
,13-Aug-24,102,45517102,45,32,0.068349275,,0.066852426,,10.52828307,,1118.293444,,0.362991595,,,,,,
,13-Aug-24,102,45517102,60,32.7,0.068349275,,0.066852426,,13.98344053,,1421.142622,,0.373997281,,,,,,
,13-Aug-24,103,45517103,0,28.9,0.068349275,,0.067108736,,2.092345397,,414.6138159,,0.344026596,,,,,,
,13-Aug-24,103,45517103,15,28.8,0.068349275,,0.067108736,,6.253898602,,745.4433059,,0.347143406,,,,,,
,13-Aug-24,103,45517103,30,31.4,0.068349275,,0.067108736,,9.435380219,,1049.17749,,0.352813536,,,,,,
,13-Aug-24,103,45517103,45,30.4,0.068349275,,0.067108736,,14.50318455,,1580.25256,,0.36561535,,,,,,
,13-Aug-24,103,45517103,60,31.3,0.068349275,,0.067108736,,17.81490226,,1976.286189,,0.542322647,,,,,,
,13-Aug-24,104,45517104,0,33.4,0.068349275,,0.067706792,,2.080342071,,431.5110317,,0.34024064,,,,,,
,13-Aug-24,104,45517104,15,28,0.068349275,,0.067706792,,6.807852107,,717.4892253,,0.35702211,,,,,,
,13-Aug-24,104,45517104,30,32.9,0.068349275,,0.067706792,,9.807483332,,992.9688147,,0.392627706,,,,,,
,13-Aug-24,104,45517104,45,33.6,0.068349275,,0.067706792,,14.16589109,,1342.064656,,0.42085509,,,,,,
,13-Aug-24,104,45517104,60,33.9,0.068349275,,0.067706792,,16.09242495,,1553.785653,,0.365192732,,,,,,
,13-Aug-24,105,45517105,0,33.2,0.068349275,,0.065485441,,2.080342071,,431.5110317,,0.34024064,,,,,,
,13-Aug-24,105,45517105,15,29.9,0.068349275,,0.065485441,,4.629248396,,731.7268632,,0.347407543,,,,,,
,13-Aug-24,105,45517105,30,29.3,0.068349275,,0.065485441,,6.731630985,,1036.546775,,0.371267871,,,,,,
,13-Aug-24,105,45517105,45,31.7,0.068349275,,0.065485441,,9.414374398,,1433.119277,,0.392451615,,,,,,
,13-Aug-24,105,45517105,60,32.5,0.068349275,,0.065485441,,12.25136055,,1853.396465,,0.446335455,,,,,,
,13-Aug-24,106,45517106,0,28.8,0.068349275,,0.066766989,,2.080342071,,431.5110317,,0.34024064,,,,,,
,13-Aug-24,106,45517106,15,33.5,0.068349275,,0.066766989,,4.207331479,,703.7619481,,0.353993346,,,,,,
,13-Aug-24,106,45517106,30,33.8,0.068349275,,0.066766989,,6.577388243,,1055.162111,,0.358360402,,,,,,
,13-Aug-24,106,45517106,45,33.3,0.068349275,,0.066766989,,8.661165677,,1296.492012,,0.372218762,,,,,,
,13-Aug-24,106,45517106,60,33.6,0.068349275,,0.066766989,,9.924515763,,1478.54366,,0.378434773,,,,,,
,13-Aug-24,201,45517201,0,26.5,0.068349275,,0.073738616,,1.991517457,,436.3449174,,0.346703179,,,,,,
,13-Aug-24,201,45517201,15,30.9,0.068349275,,0.073738616,,1.938702822,,924.2611493,,0.450614466,,,,,,
,13-Aug-24,201,45517201,30,32,0.068349275,,0.073738616,,1.986716127,,1465.881012,,0.58949742,,,,,,
,13-Aug-24,201,45517201,45,32.4,0.068349275,,0.073738616,,1.983115129,,2040.057896,,0.702847183,,,,,,
,13-Aug-24,201,45517201,60,33.6,0.068349275,,0.073738616,,1.962109308,,2346.769279,,0.761203734,,,,,,
,13-Aug-24,202,45517202,0,28.7,0.068349275,,0.074199973,,1.991517457,,436.3449174,,0.346703179,,,,,,
,13-Aug-24,202,45517202,15,33,0.068349275,,0.074199973,,1.989716958,,780.2139807,,0.350295435,,,,,,
,13-Aug-24,202,45517202,30,34,0.068349275,,0.074199973,,2.032328766,,1128.716207,,0.372500507,,,,,,
,13-Aug-24,202,45517202,45,35.5,0.068349275,,0.074199973,,2.055735252,,1328.199952,,0.430258348,,,,,,
,13-Aug-24,202,45517202,60,36.4,0.068349275,,0.074199973,,2.019125107,,1787.624941,,0.394142089,,,,,,
,13-Aug-24,203,45517203,0,28.2,0.068349275,,0.073431044,,1.991517457,,436.3449174,,0.346703179,,,,,,
,13-Aug-24,203,45517203,15,33.5,0.068349275,,0.073431044,,1.971711969,,642.5243667,,0.368045406,,,,,,
,13-Aug-24,203,45517203,30,34.2,0.068349275,,0.073431044,,1.987916459,,856.9864855,,0.382837048,,,,,,
,13-Aug-24,203,45517203,45,34.6,0.068349275,,0.073431044,,1.978313798,,1125.098063,,0.398315445,,,,,,
,13-Aug-24,203,45517203,60,35,0.068349275,,0.073431044,,2.006521615,,1403.639817,,0.425433456,,,,,,
,13-Aug-24,204,45517204,0,28.2,0.068349275,,0.074627156,,1.994518289,,433.7703045,,0.356969283,,,,,,
,13-Aug-24,204,45517204,15,30.8,0.068349275,,0.074627156,,2.013723611,,626.0023658,,0.348111907,,,,,,
,13-Aug-24,204,45517204,30,32,0.068349275,,0.074627156,,2.035929764,,743.3727811,,0.378241073,,,,,,
,13-Aug-24,204,45517204,45,32.4,0.068349275,,0.074627156,,2.073740242,,945.0992621,,0.363396604,,,,,,
,13-Aug-24,204,45517204,60,33.4,0.068349275,,0.074627156,,2.067738579,,1095.139605,,0.370616334,,,,,,
,13-Aug-24,205,45517205,0,28.3,0.068349275,,0.074370846,,1.994518289,,433.7703045,,0.356969283,,,,,,
,13-Aug-24,205,45517205,15,32.1,0.068349275,,0.074370846,,2.059936417,,706.709495,,0.380688738,,,,,,
,13-Aug-24,205,45517205,30,33.5,0.068349275,,0.074370846,,2.124154212,,788.7606691,,0.377765628,,,,,,
,13-Aug-24,205,45517205,45,33.5,0.068349275,,0.074370846,,2.148761031,,938.8546141,,0.387380195,,,,,,
,13-Aug-24,205,45517205,60,34.1,0.068349275,,0.074370846,,2.238185811,,1205.307377,,0.419798544,,,,,,
,13-Aug-24,206,45517206,0,28.1,0.068349275,,0.074370846,,1.994518289,,433.7703045,,0.356969283,,,,,,
,13-Aug-24,206,45517206,15,33.6,0.068349275,,0.074370846,,2.055735252,,558.2236139,,0.348111907,,,,,,
,13-Aug-24,206,45517206,30,34.6,0.068349275,,0.074370846,,2.044332093,,716.8665283,,0.344061814,,,,,,
,13-Aug-24,206,45517206,45,35.7,0.068349275,,0.074370846,,2.119352881,,845.2943786,,0.441563389,,,,,,
,13-Aug-24,206,45517206,60,35.6,0.068349275,,0.074370846,,2.191973005,,1046.282975,,0.368767379,,,,,,
,13-Aug-24,301,45517301,0,28.1,0.068349275,,0.065314567,,1.955507478,,421.9601587,,0.335010738,,,,,,
,13-Aug-24,301,45517301,15,28.5,0.068349275,,0.065314567,,2.113951385,,627.4667303,,0.382872266,,,,,,
,13-Aug-24,301,45517301,30,29.4,0.068349275,,0.065314567,,2.21237866,,861.5905663,,0.355771864,,,,,,
,13-Aug-24,301,45517301,45,30.6,0.068349275,,0.065314567,,2.332411922,,1061.957606,,0.396501708,,,,,,
,13-Aug-24,301,45517301,60,30.7,0.068349275,,0.065314567,,2.558674622,,1382.413944,,0.430909885,,,,,,
,13-Aug-24,302,45517302,0,31.6,0.068349275,,0.064819035,,1.955507478,,421.9601587,,0.335010738,,,,,,
,13-Aug-24,302,45517302,15,34,0.068349275,,0.064819035,,3.319685505,,626.9957159,,0.352567009,,,,,,
,13-Aug-24,302,45517302,30,35.5,0.068349275,,0.064819035,,4.525419624,,854.945613,,0.3527431,,,,,,
,13-Aug-24,302,45517302,45,31.3,0.068349275,,0.064819035,,5.425068925,,1057.734443,,0.368063015,,,,,,
,13-Aug-24,302,45517302,60,31.3,0.068349275,,0.064819035,,6.547980094,,1304.19133,,0.363555086,,,,,,
,13-Aug-24,303,45517303,0,29.6,0.068349275,,0.066015147,,1.955507478,,421.9601587,,0.335010738,,,,,,
,13-Aug-24,303,45517303,15,31.9,0.068349275,,0.066015147,,2.20577683,,572.9841577,,0.371267871,,,,,,
,13-Aug-24,303,45517303,30,32.8,0.068349275,,0.066015147,,2.396629717,,753.933541,,0.350770881,,,,,,
,13-Aug-24,303,45517303,45,34.1,0.068349275,,0.066015147,,2.745926511,,1064.926822,,0.372852689,,,,,,
,13-Aug-24,303,45517303,60,33.8,0.068349275,,0.066015147,,2.92657657,,1182.81273,,0.363431822,,,,,,
,13-Aug-24,304,45517304,0,32.7,0.068349275,,0.06415263,,1.96991147,,484.1836772,,0.35038348,,,,,,
,13-Aug-24,304,45517304,15,30,0.068349275,,0.06415263,,2.139758536,,587.6317948,,0.347742116,,,,,,
,13-Aug-24,304,45517304,30,30.9,0.068349275,,0.06415263,,2.21717999,,798.5481898,,0.362216794,,,,,,
,13-Aug-24,304,45517304,45,31.8,0.068349275,,0.06415263,,2.357618907,,981.4175558,,0.356300137,,,,,,
,13-Aug-24,304,45517304,60,32,0.068349275,,0.06415263,,2.487854997,,1333.666799,,0.41949919,,,,,,
,13-Aug-24,305,45517305,0,32.5,0.068349275,,0.063776709,,1.96991147,,484.1836772,,0.35038348,,,,,,
,13-Aug-24,305,45517305,15,35.4,0.068349275,,0.063776709,,2.255590634,,627.1422664,,0.346826443,,,,,,
,13-Aug-24,305,45517305,30,35.3,0.068349275,,0.063776709,,2.468649675,,823.1424433,,0.354592055,,,,,,
,13-Aug-24,305,45517305,45,36.4,0.068349275,,0.063776709,,2.874962268,,1210.739439,,0.39313837,,,,,,
,13-Aug-24,305,45517305,60,31.3,0.068349275,,0.063776709,,3.229660558,,1460.153568,,0.410007886,,,,,,
,13-Aug-24,306,45517306,0,28.8,0.068349275,,0.066835339,,1.96991147,,484.1836772,,0.35038348,,,,,,
,13-Aug-24,306,45517306,15,29.2,0.068349275,,0.066835339,,3.109027129,,735.9574398,,0.355895128,,,,,,
,13-Aug-24,306,45517306,30,30,0.068349275,,0.066835339,,4.228937466,,892.4625415,,0.380600692,,,,,,
,13-Aug-24,306,45517306,45,30.9,0.068349275,,0.066835339,,5.701145429,,1184.404827,,0.356124046,,,,,,
,13-Aug-24,306,45517306,60,31.1,0.068349275,,0.066835339,,6.796448947,,1478.880099,,0.37869891,,,,,,
,21-Aug-24,101,45525101,0,24.1,0.068349275,,0.067091649,,2.100844037,,436.9314394,,0.34262971,,,,,,
,21-Aug-24,101,45525101,15,25.5,0.068349275,,0.067091649,,2.804675247,,536.4362076,,0.361914755,,,,,,
,21-Aug-24,101,45525101,30,27.8,0.068349275,,0.067091649,,3.68928114,,657.7204693,,0.345261882,,,,,,
,21-Aug-24,101,45525101,45,28.8,0.068349275,,0.067091649,,4.660024186,,793.4536639,,0.379216898,,,,,,
,21-Aug-24,101,45525101,60,30.2,0.068349275,,0.067091649,,5.405223897,,937.10373,,0.390535236,,,,,,
,21-Aug-24,102,45525102,0,24.8,0.068349275,,0.06555379,,2.100844037,,436.9314394,,0.34262971,,,,,,
,21-Aug-24,102,45525102,15,25.2,0.068349275,,0.06555379,,4.575020417,,521.7220389,,0.362634216,,,,,,
,21-Aug-24,102,45525102,30,27.4,0.068349275,,0.06555379,,6.46663763,,653.2712076,,0.356334551,,,,,,
,21-Aug-24,102,45525102,45,28.5,0.068349275,,0.06555379,,8.080009172,,754.4880034,,0.36805649,,,,,,
,21-Aug-24,102,45525102,60,30,0.068349275,,0.06555379,,10.01526165,,892.2358737,,0.384077642,,,,,,
,21-Aug-24,103,45525103,0,23.56,0.068349275,,0.066203108,,2.100844037,,436.9314394,,0.34262971,,,,,,
,21-Aug-24,103,45525103,15,25.92,0.068349275,,0.066203108,,4.826631574,,621.2245735,,0.352438937,,,,,,
,21-Aug-24,103,45525103,30,27.54,0.068349275,,0.066203108,,6.83895414,,802.4783838,,0.377883264,,,,,,
,21-Aug-24,103,45525103,45,28.7,0.068349275,,0.066203108,,8.503327943,,999.5218244,,0.389148959,,,,,,
,21-Aug-24,103,45525103,60,30.34,0.068349275,,0.066203108,,12.04005144,,1370.917359,,0.402186983,,,,,,
,21-Aug-24,104,45525104,0,24.2,0.068349275,,0.045814519,,2.094610427,,468.8328918,,0.349719026,,,,,,
,21-Aug-24,104,45525104,15,25,0.068349275,,0.045814519,,4.349477082,,636.2441822,,0.36652983,,,,,,
,21-Aug-24,104,45525104,30,28.1,0.068349275,,0.045814519,,6.279629338,,826.393724,,0.359247488,,,,,,
,21-Aug-24,104,45525104,45,28.3,0.068349275,,0.045814519,,8.084542706,,1065.730837,,0.387288891,,,,,,
,21-Aug-24,104,45525104,60,31,0.068349275,,0.045814519,,10.1779022,,1298.837979,,0.403836478,,,,,,
,21-Aug-24,105,45525105,0,22.3,0.068349275,,0.064801948,,2.094610427,,468.8328918,,0.349719026,,,,,,
,21-Aug-24,105,45525105,15,26.9,0.068349275,,0.064801948,,3.615611207,,626.8816355,,0.352649511,,,,,,
,21-Aug-24,105,45525105,30,27.3,0.068349275,,0.064801948,,5.36498878,,746.444377,,0.381427922,,,,,,
,21-Aug-24,105,45525105,45,28.9,0.068349275,,0.064801948,,7.024829049,,952.50472,,0.355825665,,,,,,
,21-Aug-24,105,45525105,60,30,0.068349275,,0.064801948,,8.911912728,,1202.030799,,0.365880561,,,,,,
,21-Aug-24,106,45525106,0,22.4,0.068349275,,0.065229131,,2.094610427,,468.8328918,,0.349719026,,,,,,
,21-Aug-24,106,45525106,15,27,0.068349275,,0.065229131,,3.50623969,,575.9429492,,0.381831522,,,,,,
,21-Aug-24,106,45525106,30,27.1,0.068349275,,0.065229131,,4.460548674,,727.9236549,,0.406731867,,,,,,
,21-Aug-24,106,45525106,45,29,0.068349275,,0.065229131,,5.731638371,,901.7659377,,0.388289116,,,,,,
,21-Aug-24,106,45525106,60,30.5,0.068349275,,0.065229131,,6.587909674,,1073.522629,,0.355351874,,,,,,
,21-Aug-24,201,45525201,0,25.3,0.068349275,,0.052939931,,2.15524645,,412.0271882,,0.341734772,,,,,,
,21-Aug-24,201,45525201,15,27.5,0.068349275,,0.052939931,,2.066275838,,700.3865888,,0.415786537,,,,,,
,21-Aug-24,201,45525201,30,29,0.068349275,,0.052939931,,2.069675988,,553.9786281,,0.361862112,,,,,,
,21-Aug-24,201,45525201,45,29.9,0.068349275,,0.052939931,,2.001106281,,796.3841013,,0.399256499,,,,,,
,21-Aug-24,201,45525201,60,31.3,0.068349275,,0.052939931,,2.109911106,,1088.299896,,0.428227936,,,,,,
,21-Aug-24,202,45525202,0,23.2,0.068349275,,0.074114537,,2.15524645,,412.0271882,,0.341734772,,,,,,
,21-Aug-24,202,45525202,15,28.4,0.068349275,,0.074114537,,28.8271625,,1079.987683,,0.522354398,,,,,,
,21-Aug-24,202,45525202,30,29,0.068349275,,0.074114537,,2.05437531,,631.2270365,,0.375689788,,,,,,
,21-Aug-24,202,45525202,45,31.7,0.068349275,,0.074114537,,2.11444464,,910.6008046,,0.361353226,,,,,,
,21-Aug-24,202,45525202,60,32.3,0.068349275,,0.074114537,,2.072509447,,1053.454046,,0.365582248,,,,,,
,21-Aug-24,203,45525203,0,24.4,0.068349275,,0.073431044,,2.15524645,,412.0271882,,0.341734772,,,,,,
,21-Aug-24,203,45525203,15,25.3,0.068349275,,0.073431044,,2.047575008,,538.3124023,,0.368705759,,,,,,
,21-Aug-24,203,45525203,30,25.9,0.068349275,,0.073431044,,2.159779984,,680.2459736,,0.349297879,,,,,,
,21-Aug-24,203,45525203,45,26.4,0.068349275,,0.073431044,,2.088943509,,929.3621933,,0.377093613,,,,,,
,21-Aug-24,203,45525203,60,28.3,0.068349275,,0.073431044,,2.105944263,,1011.564649,,0.366301708,,,,,,
,21-Aug-24,204,45525204,0,25,0.068349275,,0.05370886,,2.090643585,,498.4231626,,0.362020042,,,,,,
,21-Aug-24,204,45525204,15,26.7,0.068349275,,0.05370886,,2.069109297,,543.632196,,0.346788542,,,,,,
,21-Aug-24,204,45525204,30,28.8,0.068349275,,0.05370886,,2.071942756,,654.344994,,0.373741981,,,,,,
,21-Aug-24,204,45525204,45,30.28,0.068349275,,0.05370886,,2.157513217,,856.8612276,,0.358545576,,,,,,
,21-Aug-24,204,45525204,60,31.74,0.068349275,,0.05370886,,2.002239665,,1053.704206,,0.361686634,,,,,,
,21-Aug-24,205,45525205,0,24.3,0.068349275,,0.074199973,,2.090643585,,498.4231626,,0.362020042,,,,,,
,21-Aug-24,205,45525205,15,27.6,0.068349275,,0.074199973,,2.100844037,,525.3979287,,0.358598219,,,,,,
,21-Aug-24,205,45525205,30,28.9,0.068349275,,0.074199973,,2.083276592,,598.1747397,,0.378743107,,,,,,
,21-Aug-24,205,45525205,45,30.3,0.068349275,,0.074199973,,2.151846299,,786.0739647,,0.383428373,,,,,,
,21-Aug-24,205,45525205,60,31.9,0.068349275,,0.074199973,,2.16488021,,922.8502342,,0.380410149,,,,,,
,21-Aug-24,206,45525206,0,24,0.068349275,,0.074370846,,2.090643585,,498.4231626,,0.362020042,,,,,,
,21-Aug-24,206,45525206,15,30,0.068349275,,0.074370846,,2.119544866,,567.3146871,,0.360212618,,,,,,
,21-Aug-24,206,45525206,30,32.4,0.068349275,,0.074370846,,2.088943509,,588.5676177,,0.354807892,,,,,,
,21-Aug-24,206,45525206,45,33.1,0.068349275,,0.074370846,,2.165446902,,731.6715772,,0.386358857,,,,,,
,21-Aug-24,206,45525206,60,34.9,0.068349275,,0.074370846,,2.154113066,,833.3747318,,0.362634216,,,,,,
,21-Aug-24,301,45525301,0,22.8,0.068349275,,0.068475721,,2.111611181,,446.540795,,0.335943994,,,,,,
,21-Aug-24,301,45525301,15,23.1,0.068349275,,0.068475721,,2.346788276,,537.0655145,,0.369372575,,,,,,
,21-Aug-24,301,45525301,30,24,0.068349275,,0.068475721,,2.298052782,,655.6979761,,0.372496086,,,,,,
,21-Aug-24,301,45525301,45,25.6,0.068349275,,0.068475721,,2.265184658,,764.8143334,,0.351386068,,,,,,
,21-Aug-24,301,45525301,60,26.2,0.068349275,,0.068475721,,2.37625625,,917.506988,,0.382533434,,,,,,
,21-Aug-24,302,45525302,0,24.48,0.068349275,,0.067740967,,2.111611181,,446.540795,,0.335943994,,,,,,
,21-Aug-24,302,45525302,15,26.02,0.068349275,,0.067740967,,2.924247216,,538.6010906,,0.369126906,,,,,,
,21-Aug-24,302,45525302,30,27.94,0.068349275,,0.067740967,,3.347565987,,609.6011005,,0.349087305,,,,,,
,21-Aug-24,302,45525302,45,34.8,0.068349275,,0.067740967,,4.441847845,,729.5530407,,0.361704182,,,,,,
,21-Aug-24,302,45525302,60,30.4,0.068349275,,0.067740967,,5.112244239,,840.4177211,,0.356878534,,,,,,
,21-Aug-24,303,45525303,0,27.1,0.068349275,,0.068629507,,2.111611181,,446.540795,,0.335943994,,,,,,
,21-Aug-24,303,45525303,15,27.7,0.068349275,,0.068629507,,2.190948033,,499.7219807,,0.353404067,,,,,,
,21-Aug-24,303,45525303,30,29.8,0.068349275,,0.068629507,,2.336587824,,561.4459947,,0.352860085,,,,,,
,21-Aug-24,303,45525303,45,31.3,0.068349275,,0.068629507,,2.486194458,,648.5941222,,0.355597543,,,,,,
,21-Aug-24,303,45525303,60,32.3,0.068349275,,0.068629507,,2.592165824,,714.1621017,,0.36468731,,,,,,
,21-Aug-24,304,45525304,0,24.2,0.068349275,,0.067963102,,3.27276267,,500.0542235,,0.34343691,,,,,,
,21-Aug-24,304,45525304,15,25.1,0.068349275,,0.067963102,,2.256684281,,507.9990147,,0.344244109,,,,,,
,21-Aug-24,304,45525304,30,27.3,0.068349275,,0.067963102,,2.261784507,,575.8809678,,0.353228589,,,,,,
,21-Aug-24,304,45525304,45,28.9,0.068349275,,0.067963102,,2.351321811,,641.5511329,,0.368512733,,,,,,
,21-Aug-24,304,45525304,60,29.6,0.068349275,,0.067963102,,2.4487928,,756.164294,,0.353597093,,,,,,
,21-Aug-24,305,45525305,0,24.9,0.068349275,,0.066920775,,3.27276267,,500.0542235,,0.34343691,,,,,,
,21-Aug-24,305,45525305,15,28.7,0.068349275,,0.066920775,,2.294652631,,542.6025225,,0.363967849,,,,,,
,21-Aug-24,305,45525305,30,31.4,0.068349275,,0.066920775,,2.516229123,,685.5864279,,0.354685057,,,,,,
,21-Aug-24,305,45525305,45,42.5,0.068349275,,0.066920775,,2.676602901,,832.5388201,,0.353544449,,,,,,
,21-Aug-24,305,45525305,60,34,0.068349275,,0.066920775,,2.810908857,,909.0043639,,0.377146256,,,,,,
,21-Aug-24,306,45525306,0,23.4,0.068349275,,0.069842707,,3.27276267,,500.0542235,,0.34343691,,,,,,
,21-Aug-24,306,45525306,15,25.5,0.068349275,,0.069842707,,2.889679017,,584.2428772,,0.370793948,,,,,,
,21-Aug-24,306,45525306,30,27.2,0.068349275,,0.069842707,,3.40820201,,687.2275398,,0.37189946,,,,,,
,21-Aug-24,306,45525306,45,28.7,0.068349275,,0.069842707,,4.116566754,,876.8884893,,0.35177212,,,,,,
,21-Aug-24,306,45525306,60,29.9,0.068349275,,0.069842707,,4.594854629,,1010.59584,,0.381989452,,,,,,
